candidates_n,openalex_id,matched_name,similarity,match_accepted,error,author_id,profil_clean,uczelnia
3,https://openalex.org/A5010404654,A Artyszak,0.7018518518518518,FALSE,NA,WULS712b02319ba341779b4be38450fdec6f,Arkadiusz Artyszak,sggw
1,https://openalex.org/A5040090348,Katarzyna Bączek,1,TRUE,NA,WULSb9bbf3d0103341a0bd49c93ac85c9a73,Katarzyna Bączek,sggw
2,https://openalex.org/A5060801282,Jakub Bojanowski,1,TRUE,NA,WULS9eeb7bd220a748d5bc748162f347f216,Jakub Bojanowski,sggw
1,https://openalex.org/A5020095669,Kamila Bokszczanin,1,TRUE,NA,WULSe61be6086beb4838b6d98cf098f8c0a0,Kamila Bokszczanin,sggw
2,https://openalex.org/A5060484216,Barbara Borawska-Jarmułowicz,1,TRUE,NA,WULS3b28e4ce5d80454bb56d782c50925741,Barbara Borawska-Jarmułowicz,sggw
1,https://openalex.org/A5009438339,A. Chodkiewicz,0.9136904761904764,TRUE,NA,WULS114728c9912c482f8d33f6139be9d5e8,Anna Chodkiewicz,sggw
4,https://openalex.org/A5114567482,Józef Chojnicki,1,TRUE,NA,WULS99149d605ca0450390183a97e96f9e23,Józef Chojnicki,sggw
1,https://openalex.org/A5017070147,Katarzyna J. Chwedorzewska,0.9615384615384616,TRUE,NA,WULS03b11b15b3154ba29f37fa236b47c658,Katarzyna Chwedorzewska,sggw
1,https://openalex.org/A5082210445,Magdalena Cieplak,1,TRUE,NA,WULS90e86c4576f349ffa1c8e65423e8642a,Magdalena Cieplak,sggw
4,https://openalex.org/A5103277730,Piotr Dąbrowski,1,TRUE,NA,WULSb247bd3204ca468a99c4a5b4af0f7e32,Piotr Dąbrowski,sggw
1,https://openalex.org/A5032113341,Adriana Derejko,1,TRUE,NA,WULSd1c55efc2a3041d680b24b80b8480ee2,Adriana Derejko,sggw
2,https://openalex.org/A5024147351,Beata Fornal-Pieniak,1,TRUE,NA,WULS358f2d8653f14320a5c27fadbdcc0d17,Beata Fornal-Pieniak,sggw
2,https://openalex.org/A5125487548,Janina Gajc-Wolska,1,TRUE,NA,WULS6bccb735e7a442d6a7b656f44613d95a,Janina Gajc-Wolska,sggw
3,https://openalex.org/A5067696677,Marta Galas,1,TRUE,NA,WULS36fc214444b042ca8e3a7a13a26a4b45,Marta Galas,sggw
1,https://openalex.org/A5014345605,A. Geszprych,0.9007936507936508,TRUE,NA,WULS44a8b19c422d44dab414bf7723f36b01,Anna Geszprych,sggw
7,https://openalex.org/A5135978200,Dariusz Gozdowski,1,TRUE,NA,WULSb596f99579674796875882b291d31364,Dariusz Gozdowski,sggw
2,https://openalex.org/A5010906410,Mirosława Górecka,1,TRUE,NA,WULS54cf2501d7134ce8beaa187f13c50c0d,Mirosława Górecka,sggw
1,https://openalex.org/A5035005897,Marzena Iwańska,1,TRUE,NA,WULSbc0e2072e0cc427a9478ca52c536eb9d,Marzena Iwańska,sggw
1,https://openalex.org/A5013059435,Sławomir Janakowski,1,TRUE,NA,WULSfd0438e338c34e3dbc4fe4db6de886e9,Sławomir Janakowski,sggw
1,https://openalex.org/A5020952746,Maria Janicka,1,TRUE,NA,WULS5f582277739e4a87a285ce12fa630573,Maria Janicka,sggw
2,https://openalex.org/A5083749002,Paweł Jankowski,1,TRUE,NA,WULSe09cc37984484151998eb461423ae1a9,Paweł Jankowski,sggw
1,https://openalex.org/A5039984674,Agata Jędrzejuk,1,TRUE,NA,WULS2142a677ab9545b7bce43f8f9cbf8ead,Agata Jędrzejuk,sggw
2,https://openalex.org/A5129429464,Jerzy Jonczak,1,TRUE,NA,WULSa41d7cc83cc44fe2b8bb154b6089f19a,Jerzy Jonczak,sggw
2,https://openalex.org/A5060888087,Ksenia Juszczak-Szelągowska,1,TRUE,NA,WULS854d1a8a5c474e718da6e2323d891959,Ksenia Juszczak-Szelągowska,sggw
1,https://openalex.org/A5032047875,Danuta Kaczorek,1,TRUE,NA,WULS03d0d449a1564355be2b00355c9e963c,Danuta Kaczorek,sggw
1,https://openalex.org/A5093282740,Filip Kamionowski,1,TRUE,NA,WULS6d14d2728bf4400e959193e9698bee77,Filip Kamionowski,sggw
3,https://openalex.org/A5070576640,Zbigniew Karaczun,1,TRUE,NA,WULSaecb2c76e1bd467e97ea9ceeeda5f0bd,Zbigniew Karaczun,sggw
0,NA,NA,NA,FALSE,NA,WULSa917582428b94d5a995586470d9da84f,Małgorzata Kiełkiewicz-Szaniawska,sggw
1,https://openalex.org/A5058812556,Karen Dorman Marek,0.6415954415954417,FALSE,NA,WULS4b7bab18e6564ae8baf03ab4d979ad6d,Marek Kondras,sggw
1,https://openalex.org/A5009378414,Olga Kosakowska,1,TRUE,NA,WULSa3412283e3e94cf6ae0930cd0070ffe9,Olga Kosakowska,sggw
3,https://openalex.org/A5005011734,Katarzyna Kowalczyk,1,TRUE,NA,WULSccceba6db29f417193524413e7546bfe,Katarzyna Kowalczyk,sggw
1,https://openalex.org/A5011395769,Wojciech Kowalczyk,1,TRUE,NA,WULSb0875354e678475a850786b13535c5b5,Wojciech Kowalczyk,sggw
1,https://openalex.org/A5040445852,Edmund Kozieł,1,TRUE,NA,WULS9aab55eb07c7443c883b67a669e311fb,Edmund Kozieł,sggw
1,https://openalex.org/A5025450218,Bogusława Kruczkowska,1,TRUE,NA,WULSdf90d7b58cab49f1b18a6c9fe845dd9b,Bogusława Kruczkowska,sggw
1,https://openalex.org/A5056543059,Tomasz Krupa,1,TRUE,NA,WULS4ebfaf0d6a6d4063980a80d2463656f1,Tomasz Krupa,sggw
1,https://openalex.org/A5060674730,Natalia Kuźma,1,TRUE,NA,WULS74a9cc0470c742f8be109b73502c0e2b,Natalia Kuźma,sggw
3,https://openalex.org/A5059910313,Wojciech Kwasowski,1,TRUE,NA,WULSc2ded684f2904da7ba9e49bb36851369,Wojciech Kwasowski,sggw
1,https://openalex.org/A5045696029,Piotr Latocha,1,TRUE,NA,WULS06b45116aede48e79f64236855d3ac96,Piotr Latocha,sggw
1,https://openalex.org/A5057118901,Renata Leszczyńska,1,TRUE,NA,WULS4881e40b870247a88592ed8ca6bf04c9,Renata Leszczyńska,sggw
8,https://openalex.org/A5076996603,Mariusz Lewandowski,1,TRUE,NA,WULSfd14c9eadfd34eff8b845519595e336e,Mariusz Lewandowski,sggw
1,https://openalex.org/A5015130752,Barbara Łata,1,TRUE,NA,WULS0413359299e54c6c8dd5554d57a08407,Barbara Łata,sggw
1,https://openalex.org/A5009304576,Maria Małachowska,1,TRUE,NA,WULSae3b3074473d45d685aaff9ab389f6bc,Maria Małachowska,sggw
1,https://openalex.org/A5009271433,Przemysław Marciniak,1,TRUE,NA,WULS18e61211d7844d7db06af5e5ff72b26c,Przemysław Marciniak,sggw
1,https://openalex.org/A5086223530,G. Mastalerczuk,0.7825396825396825,FALSE,NA,WULS5c3477a0411347578f602abf91bb8651,Grażyna Mastalerczuk,sggw
1,https://openalex.org/A5056757265,Katarzyna Michalska,1,TRUE,NA,WULSe63ec1d0dec44fcab8af6120fc8d36c7,Katarzyna Michalska,sggw
1,https://openalex.org/A5000454665,Beata Michalska‐Klimczak,0.9722222222222224,TRUE,NA,WULS9a9ab68e34314e03a4f5bef70fe492ba,Beata Michalska-Klimczak,sggw
1,https://openalex.org/A5082306240,Małgorzata Mirgos,1,TRUE,NA,WULSe6b3845fee244fe7a0301c5cafe7ac59,Małgorzata Mirgos,sggw
2,https://openalex.org/A5084380466,Ewa Mirzwa-Mróz,1,TRUE,NA,WULSc03e55d80e4343d69163a3b587bc3b41,Ewa Mirzwa-Mróz,sggw
1,https://openalex.org/A5002566303,M. Monder,0.8518518518518517,TRUE,NA,WULS51a9ffbeb16d4626b8485263456698ce,Marta Monder,sggw
2,https://openalex.org/A5060284356,Hanna Moniuszko,1,TRUE,NA,WULS26857880579146908cdd9f2ad46fd970,Hanna Moniuszko,sggw
1,https://openalex.org/A5103183069,Adam Nawrocki,1,TRUE,NA,WULS833a138a947a48058afdb43cf73f5e6f,Adam Nawrocki,sggw
1,https://openalex.org/A5059159027,Tomasz Niedziński,1,TRUE,NA,WULS919979567147419896830ce5c6ea6171,Tomasz Niedziński,sggw
2,https://openalex.org/A5011311455,Kinga Noras,1,TRUE,NA,WULSbd9c97f08f524ace8c750f1e33470f4d,Kinga Noras,sggw
1,https://openalex.org/A5089533174,Małgorzata Nykiel,1,TRUE,NA,WULSb2c92cc69de74f0a92647afaf95bbf44,Małgorzata Nykiel,sggw
1,https://openalex.org/A5014330978,Lidia Oktaba,1,TRUE,NA,WULS50a5716e45e047e5b9fe83ceea9bdf00,Lidia Oktaba,sggw
1,https://openalex.org/A5026209912,Dawid Olewnicki,1,TRUE,NA,WULSd22895bd09124ce38fc5c71a69e78567,Dawid Olewnicki,sggw
1,https://openalex.org/A5056065947,Marcin Ollik,1,TRUE,NA,WULS938a08fde23e421899eb8e8b1fb22af6,Marcin Ollik,sggw
1,https://openalex.org/A5041566867,Sławomir Orzechowski,1,TRUE,NA,WULScf67ac73ae79450d9beeb73cf0ac217f,Sławomir Orzechowski,sggw
1,https://openalex.org/A5022928721,A. Orzeszko-Rywka,0.7041421568627451,FALSE,NA,WULS5461e163bf424cca8173f50e081c643c,Aleksandra Orzeszko-Rywka,sggw
1,https://openalex.org/A5030470318,A. Pacholczak,0.7382478632478633,FALSE,NA,WULSb410ecc41e3b4e77bf7e08b70b8b2cdc,Andrzej Pacholczak,sggw
1,https://openalex.org/A5080282405,Jakub Paderewski,1,TRUE,NA,WULS16af177a9a074e60840ffff3c2c7ec02,Jakub Paderewski,sggw
1,https://openalex.org/A5042423576,E. Paduch‐Cichal,0.718073593073593,FALSE,NA,WULS7a3dd5b63101497981904a7cc2d38d97,Elżbieta Paduch-Cichal,sggw
1,https://openalex.org/A5099250012,Krzysztof Pągowski,1,TRUE,NA,WULS8deddba71f2345ea89c8da0a43ef273b,Krzysztof Pągowski,sggw
1,https://openalex.org/A5014492331,Aneta Perzanowska,1,TRUE,NA,WULS2b69a7704be843318548599a7b8f050e,Aneta Perzanowska,sggw
1,https://openalex.org/A5003506922,Artur Pędziwiatr,1,TRUE,NA,WULS4ef65001b1714215bffd20307ece3955,Artur Pędziwiatr,sggw
2,https://openalex.org/A5002157468,Ewelina Pióro‐Jabrucka,0.9696969696969696,TRUE,NA,WULS29c406a7ac8846ffb0ea5a1bad912441,Ewelina Pióro-Jabrucka,sggw
1,https://openalex.org/A5050526197,Robert Popek,1,TRUE,NA,WULS8c57b7839030409fbc1cfd3001ec6bad,Robert Popek,sggw
1,https://openalex.org/A5074523834,Jarosław L. Przybył,0.9473684210526316,TRUE,NA,WULS1b5f5849eb7746df93e914878f4c5332,Jarosław Przybył,sggw
1,https://openalex.org/A5012341743,Sebastian Przybyłko,1,TRUE,NA,WULSfe763190db7e406aa731b2e2f0638b76,Sebastian Przybyłko,sggw
1,https://openalex.org/A5053029547,Arkadiusz Przybysz,1,TRUE,NA,WULSdba35cf18b574a57b96ce2ed1c2046e4,Arkadiusz Przybysz,sggw
2,https://openalex.org/A5054071518,Ewa Puchalska,1,TRUE,NA,WULS7d9f1699d3c24d448a372d2cae48c54e,Ewa Puchalska,sggw
2,https://openalex.org/A5084985255,Julita Rabiza-Świder,1,TRUE,NA,WULSb77da74b0e604fd9be3233b346ff64f3,Julita Rabiza-Świder,sggw
2,https://openalex.org/A5000704474,Michał Reut,1,TRUE,NA,WULS2af8691a50ff4fa8a00ad2f709685c4b,Michał Reut,sggw
1,https://openalex.org/A5034008657,Edyta Rosłon-Szeryńska,1,TRUE,NA,WULS3192f7645be14a16bb4e7586e2b6bff7,Edyta Rosłon-Szeryńska,sggw
1,https://openalex.org/A5047230193,Beata Rustowska,1,TRUE,NA,WULS054a31344f93447cbe8bbff9476b6228,Beata Rustowska,sggw
4,https://openalex.org/A5081472842,Beata Rutkowska,1,TRUE,NA,WULS7d63a5df20554db9b38e8170e77aaeca,Beata Rutkowska,sggw
1,https://openalex.org/A5087222856,Anna Rybarczyk,0.8787878787878787,TRUE,NA,WULS2e8c1bd0a7004e518bf762a71abfb42f,Anna Rybarczyk-Płońska,sggw
0,NA,NA,NA,FALSE,NA,WULS364ca28e79ea4a9db7e2a2c727ea5f90,Ewa Sady-Makarewicz,sggw
1,https://openalex.org/A5054965218,Stanisław Samborski,1,TRUE,NA,WULS5d34eaa6627543abb863a6541a74c413,Stanisław Samborski,sggw
1,https://openalex.org/A5008657637,Leszek Sieczko,1,TRUE,NA,WULSa4da368ca7da450fbc92429b42f2aaa0,Leszek Sieczko,sggw
3,https://openalex.org/A5127966512,Dorota Sienkiewicz-Paderewska,1,TRUE,NA,WULSfc066fbfac7a4874b5f5c051b6a04268,Dorota Sienkiewicz-Paderewska,sggw
4,https://openalex.org/A5071054435,Piotr Sikorski,1,TRUE,NA,WULS1ad1d178bbf84d80ba045436dc215e0e,Piotr Sikorski,sggw
1,https://openalex.org/A5059405170,Agnieszka Skarzyńska,1,TRUE,NA,WULSab1869f2fc1e4d8aa120327721d95ef7,Agnieszka Skarzyńska,sggw
1,https://openalex.org/A5082236281,E. Skutnik,0.906060606060606,TRUE,NA,WULS5bde3fc5936f4b48a0e549c6db8e6ec3,Ewa Skutnik,sggw
1,https://openalex.org/A5081669599,Renata Słomnicka,1,TRUE,NA,WULS177a2e414c814156bd4d03c3455e3840,Renata Słomnicka,sggw
1,https://openalex.org/A5003384678,D. Sochacki,0.6946969696969696,FALSE,NA,WULSd46f035c2dfd4752b086abdf2f1e4659,Dariusz Sochacki,sggw
1,https://openalex.org/A5081398442,Tomasz Sosulski,1,TRUE,NA,WULS45c800f3cedc48a48e6506594eaad132,Tomasz Sosulski,sggw
1,https://openalex.org/A5066794724,Dagmara Stangierska,0.8645833333333333,TRUE,NA,WULS364ce8d2ee3f4df4b31783d24771fadc,Dagmara Stangierska-Mazurkiewicz,sggw
1,https://openalex.org/A5061305146,Marta Stankiewicz-Kosyl,1,TRUE,NA,WULSca0853a3ab014c678e539b6b03cab9dd,Marta Stankiewicz-Kosyl,sggw
1,https://openalex.org/A5057499439,Paweł Staszek,1,TRUE,NA,WULS5562b3b8155b459b95dd68a1e019c5b4,Paweł Staszek,sggw
1,https://openalex.org/A5037686662,Marcin Studnıckı,0.9166666666666666,TRUE,NA,WULS6017c24d71ea4516bcbeed974bcbe35c,Marcin Studnicki,sggw
1,https://openalex.org/A5107666026,Sylwia Styczyńska,1,TRUE,NA,WULS6b32cbc184734d9386bbc6ff9b249022,Sylwia Styczyńska,sggw
2,https://openalex.org/A5018355988,Marzena Suchocka,1,TRUE,NA,WULS959046ab966e41189655649756ca2d96,Marzena Suchocka,sggw
1,https://openalex.org/A5090550877,I. Suwara,0.7060185185185184,FALSE,NA,WULS4725ea3e169341de91a2461d7ae51752,Irena Suwara,sggw
1,https://openalex.org/A5037417028,Tatiana Swoczyna,1,TRUE,NA,WULS8113e88fb6154b6da24c4e5b90eae3d0,Tatiana Swoczyna,sggw
1,https://openalex.org/A5007881357,Ewa Szara,1,TRUE,NA,WULSedc2c65ff676473090a757322315eba6,Ewa Szara,sggw
1,https://openalex.org/A5011610301,Ewa Szpadzik,1,TRUE,NA,WULSb092ab3dfc0d423b8411db6eba8f408f,Ewa Szpadzik,sggw
2,https://openalex.org/A5090089352,Wiesław Szulc,1,TRUE,NA,WULS712ba46675ae40e59a12809316b64444,Wiesław Szulc,sggw
1,https://openalex.org/A5090233569,Magdalena Szymańska,1,TRUE,NA,WULS8c41a377214f4a5e814365f6c306aee1,Magdalena Szymańska,sggw
1,https://openalex.org/A5063183726,K. Tomala,0.6504629629629629,FALSE,NA,WULS4548de68d0b9440f8bb1b3a532bab2be,Kazimierz Tomala,sggw
1,https://openalex.org/A5014089604,Łukasz Uzarowicz,1,TRUE,NA,WULSddc8f0d099364d3784fb67fcbd79912a,Łukasz Uzarowicz,sggw
1,https://openalex.org/A5083916388,Wojciech Wakuliński,1,TRUE,NA,WULSb402c5a21ec045ffb7d761ebac1e0dd3,Wojciech Wakuliński,sggw
1,https://openalex.org/A5010840121,Magdalena Wijata,1,TRUE,NA,WULS6d08e29e532046aa9adeb79fcd320b4a,Magdalena Wijata,sggw
1,https://openalex.org/A5084600009,Marzena Wińska-Krysiak,1,TRUE,NA,WULS08c0cedaa0844cdb879566a053857b28,Marzena Wińska-Krysiak,sggw
1,https://openalex.org/A5003846387,Marcin Wit,1,TRUE,NA,WULS860778ab429148979774987923990184,Marcin Wit,sggw
3,https://openalex.org/A5030179426,Agnieszka Wnuk,1,TRUE,NA,WULS273e645bc2164e36bdf2bde71fcf9c85,Agnieszka Wnuk,sggw
3,https://openalex.org/A5120161228,Elżbieta Wójcik-Gront,1,TRUE,NA,WULSfd56132d671e436f930e374660756293,Elżbieta Wójcik-Gront,sggw
1,https://openalex.org/A5052225784,Mariola Wrochna,1,TRUE,NA,WULSf75fe64911c7471abfdb7140c962770d,Mariola Wrochna,sggw
1,https://openalex.org/A5072165338,D. Wrona,0.7330586080586079,FALSE,NA,WULS1acd6ac819df4bc39bba78534f36b251,Dariusz Wrona,sggw
2,https://openalex.org/A5113257863,Zdzisław Wyszyński,1,TRUE,NA,WULS1b9ed7f844084f7292bd2a38f34fa3df,Zdzisław Wyszyński,sggw
3,https://openalex.org/A5047996826,Ewa Zaraś,1,TRUE,NA,WULSda9ffcac80ff4e659469ef24a61166bc,Ewa Zaraś,sggw
1,https://openalex.org/A5072652933,Barbara Żarska,1,TRUE,NA,WULSb59fbcb0293340f7950de064038d963d,Barbara Żarska,sggw
2,https://openalex.org/A5004183793,Katarzyna Adamczewska- Sowińska,0.989247311827957,TRUE,NA,UPWr520c294c3cc94377af21b25c6390ae75,Katarzyna Adamczewska-Sowińska,upwr
3,https://openalex.org/A5121113515,Przemysław Bąbelewski,1,TRUE,NA,UPWr22ece9e18ed04a4885927cf07e3f7240,Przemysław Bąbelewski,upwr
1,https://openalex.org/A5004176469,Paulina Bączek,1,TRUE,NA,UPWrd1b58e9c682a414ea18e38b03cade374,Paulina Bączek,upwr
1,https://openalex.org/A5049786810,Magdalena Bednik,0.9090909090909092,TRUE,NA,UPWr7dfe7130e578415eb652347e8fe96803,Magdalena Bednik-Dudek,upwr
1,https://openalex.org/A5002638090,Jakub Bekier,1,TRUE,NA,UPWr51b970e370f24b26aebc54dc5a9f7ed7,Jakub Bekier,upwr
1,https://openalex.org/A5088516992,A. Biesiada,0.7244588744588745,FALSE,NA,UPWr49bb9cf6194e484e9840fabf523aeaa2,Anita Biesiada,upwr
1,https://openalex.org/A5060046886,Adam Bogacz,1,TRUE,NA,UPWra51f1c132eb44e49a6d96e135b934e1a,Adam Bogacz,upwr
1,https://openalex.org/A5063824660,Marek Brennensthul,1,TRUE,NA,UPWr2728dfc28bfb4c3c9cff8836f288a691,Marek Brennensthul,upwr
0,NA,NA,NA,FALSE,NA,UPWr940bc09a9e394693afaa073cbd1628b2,Bogusława Bronowicka,upwr
6,https://openalex.org/A5078970572,Henryk Bujak,1,TRUE,NA,UPWr98c2c47307cd4510b664bc0ccb1885e4,Henryk Bujak,upwr
1,https://openalex.org/A5014906591,P. Chohura,0.752991452991453,FALSE,NA,UPWrdbf73eb453b74199a0a6f52ee3ab3c17,Piotr Chohura,upwr
1,https://openalex.org/A5048856760,Beata Cieniawska,1,TRUE,NA,UPWr39843b9204a54d7b840ac55151f641df,Beata Cieniawska,upwr
2,https://openalex.org/A5017504893,Marta Czaplicka,1,TRUE,NA,UPWrc2174ef778514dcc870cec9024280790,Marta Czaplicka,upwr
1,https://openalex.org/A5050969008,J. Czarnecki,0.7668350168350166,FALSE,NA,UPWrf8458a9fc38b44d29436c5fe2ed96758,Jarosław Czarnecki,upwr
1,https://openalex.org/A5077469072,Marta Czarniecka‐Wiera,0.9696969696969696,TRUE,NA,UPWR07db76aee2144ba9a7c9508b896c6029,Marta Czarniecka-Wiera,upwr
2,https://openalex.org/A5124281446,Irmina Ćwieląg-Piasecka,1,TRUE,NA,UPWr72fc2b157ebe44358b44ddc888b2480a,Irmina Ćwieląg-Piasecka,upwr
1,https://openalex.org/A5052650039,Magdalena Dębicka,1,TRUE,NA,UPWr5b283d1a26954ae689afa44ddb29b89b,Magdalena Dębicka,upwr
0,NA,NA,NA,FALSE,NA,UPWr8f572debb4d74e9b8b1c5ea2adf10f0e,Agnieszka adrach,upwr
1,https://openalex.org/A5022071915,Adam Figiel,1,TRUE,NA,UPWree0b8b35b4de42a7927b86affce451ad,Adam Figiel,upwr
1,https://openalex.org/A5074805842,Renata Galek,1,TRUE,NA,UPWr3d9aacd86ba84a49b0f8b6db7db6f258,Renata Galek,upwr
2,https://openalex.org/A5088138569,Bernard Gałka,1,TRUE,NA,UPWr3c874d513c9d4cf5863acdb38a5ee98a,Bernard Gałka,upwr
1,https://openalex.org/A5045172281,Krzysztof Gediga,1,TRUE,NA,UPWrde796810c5be48438ebbfdc302e7fce3,Krzysztof Gediga,upwr
3,https://openalex.org/A5026832417,Elżbieta Gębarowska,1,TRUE,NA,UPWrd2b4b174c0d74ab4b393ab5b226acc88,Elżbieta Gębarowska,upwr
0,NA,NA,NA,FALSE,NA,UPWr7af1d3e443ba49f5a32fe52c270b20df,Jolanta Górecka,upwr
2,https://openalex.org/A5056825778,Iwona Gruss,1,TRUE,NA,UPWr52de048f59f449d48f18e0f1e6eb8ce9,Iwona Gruss,upwr
1,https://openalex.org/A5077735473,Dariusz Gruszka,1,TRUE,NA,UPWr33f5e9da9b794e24ab38ec9dd1fc2624,Dariusz Gruszka,upwr
1,https://openalex.org/A5055771901,Ewelina Gudarowska,1,TRUE,NA,UPWrb1fdadd98c544369be7577cf54847b3d,Ewelina Gudarowska,upwr
2,https://openalex.org/A5053834420,Aleksandra Halarewicz,1,TRUE,NA,UPWr9140757de3e84e7dae5172520abb03a6,Aleksandra Halarewicz,upwr
1,https://openalex.org/A5003377510,Waldemar Helios,1,TRUE,NA,UPWr64ae1fdb56774e13b942fbe6d848ab83,Waldemar Helios,upwr
1,https://openalex.org/A5045614556,Anna Jama-Rodzeńska,1,TRUE,NA,UPWr1485b8def0c44b76b116350f352666de,Anna Jama-Rodzeńska,upwr
1,https://openalex.org/A5014362379,Elżbieta Jamróz,0.9555555555555556,TRUE,NA,UPWrff1cfbc9cb68405b8c59ee2da687abc5,Elżbieta Jamroz,upwr
1,https://openalex.org/A5081804886,Paweł Jezierski,1,TRUE,NA,UPWr792b34a7ea9248fe983312c2e80d8d96,Paweł Jezierski,upwr
1,https://openalex.org/A5062505516,Marta Jurga,0.8823529411764706,TRUE,NA,UPWr462109a45996410e9701355e018b924d,Marta Jurga-Zotow,upwr
1,https://openalex.org/A5123637234,Monika Jurzak,1,TRUE,NA,UPWRd08023f298a243ec8ddfbf004720bda0,Monika Jurzak,upwr
1,https://openalex.org/A5016926961,Cezary Kabała,1,TRUE,NA,UPWr6dbdc7326bc44233b7889163e9913a13,Cezary Kabała,upwr
0,NA,NA,NA,FALSE,NA,UPWr971cd134a9964c38a2155c9d2d414190,Waldemar Kamaj,upwr
1,https://openalex.org/A5026902256,Anna Karczewska,1,TRUE,NA,UPWr78599776ae6844018c22307835928c76,Anna Karczewska,upwr
1,https://openalex.org/A5005853184,Dorota Kawałko,1,TRUE,NA,UPWre49a6b0e5b3b4e7693dd135b88d603ae,Dorota Kawałko,upwr
1,https://openalex.org/A5075730999,Andrzej Kocowicz,1,TRUE,NA,UPWra4d3d104943c48e89c938f80be92194d,Andrzej Kocowicz,upwr
2,https://openalex.org/A5094192822,Piotr KOMARNICKI,1,TRUE,NA,UPWrbdf1d5568c3f4aa4b0eeb3a375caa3c6,Piotr Komarnicki,upwr
1,https://openalex.org/A5006023339,Kamil Kostyń,0.9444444444444444,TRUE,NA,UPWrdd797a5df73144e2a23d7b5e6e9015e9,Kamil Kostyn,upwr
1,https://openalex.org/A5066972166,Bogna Kosyk,1,TRUE,NA,UPWr1090aeda1bb94fd18b363acddf7a014b,Bogna Kosyk,upwr
1,https://openalex.org/A5057058499,Anna Koszelnik-Leszek,1,TRUE,NA,UPWr752e020e13c9452ea228d3705b04a762,Anna Koszelnik-Leszek,upwr
2,https://openalex.org/A5073755365,Joanna Kowalska,1,TRUE,NA,UPWr026bf5e53b2841c18c4957a5d2852761,Joanna Kowalska,upwr
1,https://openalex.org/A5017809705,Bartosz Kozak,1,TRUE,NA,UPWr2d626d1caad44522af72cc6e6bba8ff4,Bartosz Kozak,upwr
1,https://openalex.org/A5081503237,M. Kozák,0.75,FALSE,NA,UPWr613908909420433ea818a45f46bb14dc,Marcin Kozak,upwr
1,https://openalex.org/A5086866734,Magdalena Kręcisz,1,TRUE,NA,UPWre07ae282563d4e45a679b70eee9a6f6c,Magdalena Kręcisz,upwr
1,https://openalex.org/A5051998627,Jan Krężel,1,TRUE,NA,UPWr3a4f60d7b84f4143a3ca26a8ed034e31,Jan Krężel,upwr
1,https://openalex.org/A5028407702,Mateusz Krupski,1,TRUE,NA,UPWrc29c25e7df06493083f806298a9f8441,Mateusz Krupski,upwr
1,https://openalex.org/A5038451763,A. Krzyś,0.5208333333333333,FALSE,NA,UPWrdc45c1f5d1784661a607951b32c5031a,Aleksander Krzyś,upwr
1,https://openalex.org/A5047378475,Zofia Kubińska,1,TRUE,NA,UPWr1dde91ea757949ee938c47e33534da08,Zofia Kubińska,upwr
1,https://openalex.org/A5037846167,Piotr Kuc,1,TRUE,NA,UPWr9bbe3b4cb417470d994beecaad2e133f,Piotr Kuc,upwr
1,https://openalex.org/A5044890001,Grzegorz Kulczycki,1,TRUE,NA,UPWrd4f55f16c2c5421d9c5ce5e6d17345b7,Grzegorz Kulczycki,upwr
3,https://openalex.org/A5087061743,Krzysztof Lech,1,TRUE,NA,UPWr7cc3e4a9190645b7b2a2ff928878258c,Krzysztof Lech,upwr
0,NA,NA,NA,FALSE,NA,UPWr97424464a6f146b08363a4f7084c65ea,Anna Lehmann-Skoczylas,upwr
1,https://openalex.org/A5086713722,Agnieszka Lejman,1,TRUE,NA,UPWrb9758404ca594e0fa7f5e75dbe043932,Agnieszka Lejman,upwr
1,https://openalex.org/A5042257350,K. Lejman,0.7962962962962963,FALSE,NA,UPWr4ee124ce52124b39b5fb3d27bbf09923,Krzysztof Lejman,upwr
1,https://openalex.org/A5000698530,Sylwia Lewandowska,1,TRUE,NA,UPWr51adaaa2352649068c09331a4c4ef8a0,Sylwia Lewandowska,upwr
0,NA,NA,NA,FALSE,NA,UPWr7a257655cee941eca51e35da30222716,Maria znar-Małańczuk,upwr
1,https://openalex.org/A5082272475,M. Liszewski,0.7469696969696968,FALSE,NA,UPWr55ce5526c70348eba59b1d528180c886,Marek Liszewski,upwr
1,https://openalex.org/A5058217420,Beata Łabaz,1,TRUE,NA,UPWr1e8b1e9b5e3d484e96893baea3547b54,Beata Łabaz,upwr
1,https://openalex.org/A5082821151,Elżbieta G. Magnucka,0.9205882352941176,TRUE,NA,UPWread642657b874d7da872aa1a7d326a53,Elżbieta Magnucka,upwr
1,https://openalex.org/A5015784754,Klaudia Masztalerz,1,TRUE,NA,UPWre7e0860cb8ba41f9bbdb18d6b2e9870f,Klaudia Masztalerz,upwr
1,https://openalex.org/A5070244688,K. Matkowski,0.7106592238171184,FALSE,NA,UPWr3233e1f9830e4cee9e175eb5f4d11fda,Krzysztof Matkowski,upwr
1,https://openalex.org/A5018096139,Agnieszka Medyńska‐Juraszek,0.9753086419753084,TRUE,NA,UPWrb9f6b3165ca644198a581291d02c6b36,Agnieszka Medyńska-Juraszek,upwr
1,https://openalex.org/A5019258259,Kamila Nowosad,1,TRUE,NA,UPWr60ed5ccd95364870838b47fdd2605c01,Kamila Nowosad,upwr
1,https://openalex.org/A5019288582,Małgorzata P. Oksińska,0.9545454545454546,TRUE,NA,UPWr378698ef2ffa4dc4be08088ba9ebfb1e,Małgorzata Oksińska,upwr
1,https://openalex.org/A5047758682,M. Pasławska,0.7318181818181817,FALSE,NA,UPWr9f90891bbd9c457eb02dab2773bb3b64,Marta Pasławska,upwr
2,https://openalex.org/A5011514570,Katarzyna Patejuk,1,TRUE,NA,UPWr196e6a4028bb4a279338251c48cb57f2,Katarzyna Patejuk,upwr
1,https://openalex.org/A5009491490,K. Pawłowski,0.7106592238171184,FALSE,NA,UPWr9d735999b415442e9d60fc2c920a4315,Krzysztof Pawłowski,upwr
1,https://openalex.org/A5040485583,Katarzyna Pentoś,1,TRUE,NA,UPWr0735d615d6124b7b9c2b20c37de50c90,Katarzyna Pentoś,upwr
1,https://openalex.org/A5058909401,Krzysztof Pieczarka,1,TRUE,NA,UPWr56dcbf3efe8841c0bcf6d9247b779427,Krzysztof Pieczarka,upwr
0,NA,NA,NA,FALSE,NA,UPWR1861f9d865fd44c5ace724e700d85cf9,Katarzyna Pieczka,upwr
1,https://openalex.org/A5030392494,Mirosława Pietryka,1,TRUE,NA,UPWrd9216260cad6415695af88f70db7f23e,Mirosława Pietryka,upwr
1,https://openalex.org/A5004018336,Elżbieta Pląskowska,1,TRUE,NA,UPWr492bd29bf8484103aab10426ab6377f1,Elżbieta Pląskowska,upwr
1,https://openalex.org/A5025084705,Aldona Płaczek,1,TRUE,NA,UPWr560effd97a3a441693a1cc28dc8cdd0d,Aldona Płaczek,upwr
1,https://openalex.org/A5006419594,Marta Preisner,1,TRUE,NA,UPWrdf7c15f2b0d941359ada6f86c7762123,Marta Preisner,upwr
1,https://openalex.org/A5034220197,Daniel Pruchniewicz,1,TRUE,NA,UPWrfb83896c916f4b4089f7d8c598db22fc,Daniel Pruchniewicz,upwr
2,https://openalex.org/A5128702225,Wojciech Pusz Wojciech Pusz,0.8271604938271604,FALSE,NA,UPWr5dcc8e1f3ed4403b9feb431b4237f5aa,Wojciech Pusz,upwr
1,https://openalex.org/A5044247158,Elżbieta Pytlarz,1,TRUE,NA,UPWr9244b9e632ca43028ee1a99abbfc3ab8,Elżbieta Pytlarz,upwr
1,https://openalex.org/A5074478046,Małgorzata W. Raduła,0.95,TRUE,NA,UPWRad5285e0e49c410db060a98593c0895b,Małgorzata Raduła,upwr
0,NA,NA,NA,FALSE,NA,UPWra2a7db5a050842acbfc374e4a01de3ed,Dominika Reszewicz,upwr
1,https://openalex.org/A5030371142,Dorota Richter,1,TRUE,NA,UPWr71945f43e00b4462bd1d82ca6615c0a1,Dorota Richter,upwr
1,https://openalex.org/A5059289094,Magdalena Rowińska,1,TRUE,NA,UPWr2b393712b4e54823b7f46d8f3225e8c2,Magdalena Rowińska,upwr
3,https://openalex.org/A5114186169,Sandra Rychel-Bielska,1,TRUE,NA,UPWr5f9fe48732fd46c3a28944b36fd125cd,Sandra Rychel-Bielska,upwr
1,https://openalex.org/A5061336068,Elżbieta Sacała,1,TRUE,NA,UPWr3a81ed99741142149197c242f5e7b43f,Elżbieta Sacała,upwr
1,https://openalex.org/A5084119529,Magdalena Serafin-Andrzejewska,1,TRUE,NA,UPWr85809ccbfa634f8bb7e0f4b12db67715,Magdalena Serafin-Andrzejewska,upwr
1,https://openalex.org/A5008603004,Mariusz Skrzyński,1,TRUE,NA,UPWr3f53ddd12a5c47b98f2b56030dbd27c0,Mariusz Skrzyński,upwr
1,https://openalex.org/A5011054536,Monika Słupska,1,TRUE,NA,UPWrd47226775e8c458fbc6bf0cfa67509fb,Monika Słupska,upwr
2,https://openalex.org/A5137054980,Ireneusz Sosna,1,TRUE,NA,UPWr3042028700724e53a700545eb1e0c353,Ireneusz Sosna,upwr
2,https://openalex.org/A5079361824,Józef Sowiński,1,TRUE,NA,UPWr3a4e49175cd64de38e081b73d10ae283,Józef Sowiński,upwr
1,https://openalex.org/A5015977543,Marek Stachowiak,1,TRUE,NA,UPWr146291aaf29c4525a5416b041009e202,Marek Stachowiak,upwr
1,https://openalex.org/A5062148431,Sylwia Stegenta-Dąbrowska,1,TRUE,NA,UPWreed26deeca194a5bba895f6423e5567a,Sylwia Stegenta-Dąbrowska,upwr
1,https://openalex.org/A5027172161,Bogdan Stępień,1,TRUE,NA,UPWr352edf13feef4719ab7de8386107cc9b,Bogdan Stępień,upwr
1,https://openalex.org/A5060385150,Kamila Stępień,1,TRUE,NA,UPWrfea8ef2a7a334940ac7ac8445d79f2eb,Kamila Stępień,upwr
1,https://openalex.org/A5053293835,Piotr Stępień,1,TRUE,NA,UPWr9a9cf897a13d4c099ced1da7e4936ead,Piotr Stępień,upwr
1,https://openalex.org/A5068379221,Roman Stopa,1,TRUE,NA,UPWrcedee0dd50584d9192cfec0facdd9126,Roman Stopa,upwr
1,https://openalex.org/A5091725761,Oleksandra Strashok,1,TRUE,NA,UPWr6c23e02bdf27458a9d2b27693bbd84f9,Oleksandra Strashok,upwr
1,https://openalex.org/A5069582006,Katarzyna Szczepańska,1,TRUE,NA,UPWr539f258c741148729f9e8c24f3fcd05a,Katarzyna Szczepańska,upwr
1,https://openalex.org/A5016088287,Adam Szewczuk,1,TRUE,NA,UPWr866ca5a9b4f8466eaf1f3bb888ffe767,Adam Szewczuk,upwr
1,https://openalex.org/A5026927354,Katarzyna Szopka,1,TRUE,NA,UPWr8c35d9435ada46cbb778a19af3065254,Katarzyna Szopka,upwr
1,https://openalex.org/A5052793518,Tomasz Szuk,1,TRUE,NA,UPWr02500ab9caab4ed8baf0c56f55d4bce7,Tomasz Szuk,upwr
1,https://openalex.org/A5085674548,Magdalena Szymura,1,TRUE,NA,UPWr10dff724d2e34149a917b1d058fd5f93,Magdalena Szymura,upwr
1,https://openalex.org/A5004610882,Sebastian Świerszcz,1,TRUE,NA,UPWR608bfbd91206471d99bab81b851d18a8,Sebastian Świerszcz,upwr
1,https://openalex.org/A5049551662,E. Tendziagolska,0.7843954248366012,FALSE,NA,UPWr9efb2c444f63474ca656d0fe43a90d00,Ewa Tendziagolska,upwr
1,https://openalex.org/A5002014350,Jacek Twardowski,1,TRUE,NA,UPWr60cd5845bd2b495cbdc571c54121deee,Jacek Twardowski,upwr
1,https://openalex.org/A5085609564,Rafał Tyszka,1,TRUE,NA,UPWr01f0fdee49cf4a78a9a89ede451e6eb6,Rafał Tyszka,upwr
2,https://openalex.org/A5123699722,Cecylia Uklańska-Pusz,1,TRUE,NA,UPWr9c97d218dcaa47a387c3f80fabb52c69,Cecylia Uklańska-Pusz,upwr
1,https://openalex.org/A5042020689,Jacek Urbaniak,1,TRUE,NA,UPWrdf19d44680494bf892a9dd146b1b0129,Jacek Urbaniak,upwr
1,https://openalex.org/A5037743612,R. Wacławowicz,0.8208360267183796,FALSE,NA,UPWr5c9356a216614b6fb0a3f889b224411e,Roman Wacławowicz,upwr
1,https://openalex.org/A5085380516,Jarosław Waroszewski,1,TRUE,NA,UPWr47bbce2332a6442d947baf06ac477706,Jarosław Waroszewski,upwr
0,NA,NA,NA,FALSE,NA,UPWr73a6f9a3cc1748dcaf6df57b5a9c0811,Jerzy Winiarski,upwr
1,https://openalex.org/A5026154550,W. Wojciechowski,0.7394841269841269,FALSE,NA,UPWr48894e0a833643a7be480b30c0b65624,Wiesław Wojciechowski,upwr
1,https://openalex.org/A5054641245,Karol Wolski,1,TRUE,NA,UPWrd5e2df115eeb462283c3a7833dff6acc,Karol Wolski,upwr
1,https://openalex.org/A5015170208,Anna Wondołowska-Grabowska,1,TRUE,NA,UPWr74d6d0e34547461a827a623b895cdca2,Anna Wondołowska-Grabowska,upwr
1,https://openalex.org/A5061968883,K. Wróblewska,0.6882478632478631,FALSE,NA,UPWr2a7ecf7bf5554633830720d48e3eb4ff,Katarzyna Wróblewska,upwr
2,https://openalex.org/A5058676907,Dariusz Zalewski,1,TRUE,NA,UPWre334adc28f894efe90b9b99e7bbd5d29,Dariusz Zalewski,upwr
1,https://openalex.org/A5015035614,Ludwik Żołnierz,1,TRUE,NA,UPWr24b537bd4f74482196a1d148e3ef5176,Ludwik Żołnierz,upwr
1,https://openalex.org/A5083867301,Adela Adamus,1,TRUE,NA,UR9797ee10b032453e97fb3c8ca3cf198a,Adela Adamus,urk
1,https://openalex.org/A5088783691,M. Bacior,0.7337962962962963,FALSE,NA,UR420661b0ffb94198aedb10d157442408,Magdalena Bacior,urk
1,https://openalex.org/A5070096265,Rafał Barański,1,TRUE,NA,URc20a130ba25d4c6ebfc735894af9a85a,Rafał Barański,urk
1,https://openalex.org/A5066256005,R. Bączek‐Kwinta,0.7869047619047619,FALSE,NA,URbbe27ff4a8e04600b4169d9d9b8a9cce,Renata Bączek-Kwinta,urk
1,https://openalex.org/A5059304616,Jan Błaszczyk,1,TRUE,NA,URe7719e6944cb44feb316726df7623f5b,Jan Błaszczyk,urk
1,https://openalex.org/A5010978289,E. Boligłowa,0.7062289562289561,FALSE,NA,UR45b272a3c5874ceda8391a017b0f8d56,Elżbieta Boligłowa,urk
1,https://openalex.org/A5013890933,Pablo F. Cavagnaro,1,TRUE,NA,URK80437f56851f463c85e018e47a30298c,Pablo F. Cavagnaro,urk
1,https://openalex.org/A5011986161,Maciej Chowaniak,1,TRUE,NA,UR752b82534365454f8855db9eee1b3679,Maciej Chowaniak,urk
1,https://openalex.org/A5009314396,Alicja Chuda,1,TRUE,NA,UR113d9f0ed4b04f96a312caa4430c91f8,Alicja Chuda,urk
1,https://openalex.org/A5011712783,Monika Cioć,1,TRUE,NA,URb50d5444a99a453d97e17d90c8ce2936,Monika Cioć,urk
1,https://openalex.org/A5037009343,Monika Czaja,1,TRUE,NA,UR9a0f55cc5f804def8497fb24df0b5dbf,Monika Czaja,urk
1,https://openalex.org/A5044426033,Teresa Dąbkowska,1,TRUE,NA,URd6314db2e251481f90647b605f7ed37f,Teresa Dąbkowska,urk
1,https://openalex.org/A5055854274,J. Dłużniewska,0.7297517297517296,FALSE,NA,UR2d3475edc2174edab585d0e01861c685,Joanna Dłużniewska,urk
1,https://openalex.org/A5053410139,Barbara Domagała,1,TRUE,NA,UR471f281ebf804a5bbc74b8133beebc79,Barbara Domagała,urk
1,https://openalex.org/A5068916511,Aleksandra Duda‐Chodak,0.8939393939393938,TRUE,NA,URca18764ccd2342679e11c54596d72ae4,Aleksandra Duda,urk
1,https://openalex.org/A5032104078,Ewa Dziedzic,1,TRUE,NA,URdb4bebed7d044aa1b950de158c8b27d3,Ewa Dziedzic,urk
1,https://openalex.org/A5013975316,B. Filipek-Mazur,0.7617063492063492,FALSE,NA,UR0d6b2667025643619353678f1da94806,Barbara Filipek-Mazur,urk
1,https://openalex.org/A5035121162,Małgorzata Frazik-Adamczyk,1,TRUE,NA,URf18d5239a69c4dc3875ffae1ccafc617,Małgorzata Frazik-Adamczyk,urk
0,NA,NA,NA,FALSE,NA,URfdea9799554c435f812f5d317cc33c9d,Joanna Gadzinowska,urk
1,https://openalex.org/A5032713702,Zbigniew Gajewski,1,TRUE,NA,URc0fefb5f1e9948e5b842ff43d80af8b2,Zbigniew Gajewski,urk
1,https://openalex.org/A5063003757,Dorota Gala-Czekaj,1,TRUE,NA,URa7733f6f4db94b179e0a0bffcf2eda9d,Dorota Gala-Czekaj,urk
1,https://openalex.org/A5020689883,Florian Gambuś,1,TRUE,NA,URafe79f1c0f3d4b4a85e91057309d40f6,Florian Gambuś,urk
1,https://openalex.org/A5015454725,M. Gawęda,0.7060185185185184,FALSE,NA,UR946ab7e447a64f2d912af440bc847133,Maria Gawęda,urk
2,https://openalex.org/A5000140988,Joanna Gil,1,TRUE,NA,UR086c66d33c4445e5b2b98fc6ed2cad23,Joanna Gil,urk
2,https://openalex.org/A5083203126,Tomasz Głąb,1,TRUE,NA,UR4d09c1962a51400ea19f88c07cb61c6d,Tomasz Głąb,urk
2,https://openalex.org/A5055136164,Krzysztof Gondek,1,TRUE,NA,UR90389092f7f34d6fbd47cd282cfbf4ca,Krzysztof Gondek,urk
1,https://openalex.org/A5076340599,J. Gospodarek,0.7652086475615887,FALSE,NA,UR9b37067ae8f942df8f1a082eaeb71971,Janina Gospodarek,urk
1,https://openalex.org/A5009774154,Aneta Grabowska,1,TRUE,NA,URaf87124e21c54301be7a93977323ec95,Aneta Grabowska,urk
2,https://openalex.org/A5007235300,M. Grabowski,0.7469696969696968,FALSE,NA,UR487e505cfeda4761aa81e16832882fd8,Marek Grabowski,urk
1,https://openalex.org/A5051478211,Beata Grygierzec,1,TRUE,NA,UR8d79026de6864dc38a1811cd930a4f2d,Beata Grygierzec,urk
1,https://openalex.org/A5043237249,Wiesław Grygierzec,1,TRUE,NA,UR6749e3f583f74b4ea12392cd880d498c,Wiesław Grygierzec,urk
1,https://openalex.org/A5061490527,Dariusz Grzebelus,1,TRUE,NA,UR702b37e197d24eedbfabb2f68e742b08,Dariusz Grzebelus,urk
0,NA,NA,NA,FALSE,NA,UR5cb75d0696de4ec490454ea624e1b77a,Anna Grzesiak,urk
1,https://openalex.org/A5022650055,J. Grzyb,0.837121212121212,FALSE,NA,UR95697b851e7b4199b26d7821740f829c,Jacek Grzyb,urk
1,https://openalex.org/A5034191684,Kamil Gwóźdź,1,TRUE,NA,URK8f301da302024dca8c7561cef59754dd,Kamil Gwóźdź,urk
0,NA,NA,NA,FALSE,NA,UR3a59f269550b44e298d75674436609c1,Elżbieta Stanisława Jędrszczyk,urk
3,https://openalex.org/A5016901543,Agnieszka Józefowska,1,TRUE,NA,UR543479a8dcc4489b9ea86b91d3c17b81,Agnieszka Józefowska,urk
1,https://openalex.org/A5050415640,Andrzej Kalisz,1,TRUE,NA,URe7c273b2253743558622f30f494bc1fb,Andrzej Kalisz,urk
1,https://openalex.org/A5020792936,M. Kasprowicz,0.8076923076923077,FALSE,NA,UR3cf1acfd03594e2da11d602c7387c28e,Marek Kasprowicz,urk
1,https://openalex.org/A5092019223,Daniel Kiełbasa,1,TRUE,NA,UR8972d897d9e1472ead27a7b84906cc23,Daniel Kiełbasa,urk
1,https://openalex.org/A5030360866,K. Klima,0.4638888888888888,FALSE,NA,UR750890b250004c4d94c1b74cc20c2f2f,Kazimierz Klima,urk
1,https://openalex.org/A5038537752,Agnieszka Klimek‐Kopyra,0.9710144927536232,TRUE,NA,UR3cd96fc2fac64633808c8a763880cb0a,Agnieszka Klimek-Kopyra,urk
1,https://openalex.org/A5078759954,Angelika Kliszcz,1,TRUE,NA,UR3df8270a879b4004b3e6de9f415d1473,Angelika Kliszcz,urk
1,https://openalex.org/A5048477144,Dawid Kocot,1,TRUE,NA,URa93a9fcc59e04c57bf86305ac50b220c,Dawid Kocot,urk
1,https://openalex.org/A5082731892,Monika Komorowska,1,TRUE,NA,URc21b651d8e3f43dfb1986305ff857f85,Monika Komorowska,urk
1,https://openalex.org/A5089730112,Małgorzata Koncewicz-Baran,1,TRUE,NA,UR0cdcb93cb9be450082ca902f0b4bea5c,Małgorzata Koncewicz-Baran,urk
2,https://openalex.org/A5008556553,Michał Kopeć,1,TRUE,NA,URdf047789412f441ca958e940fb265b39,Michał Kopeć,urk
2,https://openalex.org/A5003986753,Barbara Kowalczyk,1,TRUE,NA,UR2c99be30a9254e79a9848523acf08cae,Barbara Kowalczyk,urk
1,https://openalex.org/A5033051810,M. Kowalik,0.7344729344729345,FALSE,NA,UR615f344df48a4f638dd9fd26105f018c,Maria Kowalik,urk
1,https://openalex.org/A5049437996,Grzegorz Kowalski,1,TRUE,NA,UR00ca693df0a74e2e98bc9215e2f6324b,Grzegorz Kowalski,urk
1,https://openalex.org/A5049673843,Aleksandra Koźmińska,1,TRUE,NA,UR1aa0e189c7744fa3ae3a79fffb03f358,Aleksandra Koźmińska,urk
2,https://openalex.org/A5059593166,Maciej Kuboń,1,TRUE,NA,UR1997705c1d41437f95b3dd3792fd9f5a,Maciej Kuboń,urk
1,https://openalex.org/A5006168790,B. Kulig,0.6765873015873016,FALSE,NA,UR51e5330b2573446b8ca1098beb00d3eb,Bogdan Kulig,urk
1,https://openalex.org/A5091728437,E. Kunicki,0.8476190476190475,FALSE,NA,UR808829e0417c4178b17298397b23850f,Edward Kunicki,urk
1,https://openalex.org/A5038195459,H. Kurzawińska,0.7297517297517296,FALSE,NA,UR9f9a4e4e575d4310b487dc4b3dadf9d4,Halina Kurzawińska,urk
2,https://openalex.org/A5121799921,Iwona Ledwożyw-Smoleń,1,TRUE,NA,UR289ff1d20da243f1bef8c6b53249aa7d,Iwona Ledwożyw-Smoleń,urk
1,https://openalex.org/A5003665792,A. Lepiarczyk,0.7521367521367521,FALSE,NA,UR989038dcdfc94873b0199fb238a4b808,Andrzej Lepiarczyk,urk
1,https://openalex.org/A5082443609,Agnieszka Lis-Krzyścin,1,TRUE,NA,UR9472585afedb43e6bdf296084b067307,Agnieszka Lis-Krzyścin,urk
2,https://openalex.org/A5003404633,M. N. Malik,0.6198593073593073,FALSE,NA,URbb3977c7dce44c50ae66bd762a8eda4e,Małgorzata Malik,urk
1,https://openalex.org/A5027349645,Krystian Marzec,1,TRUE,NA,URKce8a31e100d64c50a811987a761aabe6,Krystian Marzec,urk
1,https://openalex.org/A5028120456,Małgorzata Maślanka,1,TRUE,NA,UR7f7aabc08f274735b0762bfe57140854,Małgorzata Maślanka,urk
1,https://openalex.org/A5021859036,Justyna Mazur,1,TRUE,NA,UR47a181b9e59d4ad986dc35a4351e5b7a,Justyna Mazur,urk
1,https://openalex.org/A5048243582,Stanisław Mazur,1,TRUE,NA,URf1de9aff63c54ae488501c0fa7ec90ad,Stanisław Mazur,urk
1,https://openalex.org/A5012472824,Anna Miechówka,1,TRUE,NA,URc9271b2935494f24ae7adcf2f22b946f,Anna Miechówka,urk
1,https://openalex.org/A5043183815,Amisalu Milkias Misebo,1,TRUE,NA,UR7a6cdaecde384cac8a2aff0dbad79441,Amisalu Milkias Misebo,urk
1,https://openalex.org/A5008472782,Paweł Mundała,1,TRUE,NA,16099,Paweł Mundała,urk
1,https://openalex.org/A5109031324,Piotr Muras,1,TRUE,NA,UR710bf454aa0640358e86a36b6cfb02e2,Piotr Muras,urk
1,https://openalex.org/A5021959782,J. Nawrocki,0.7411255411255411,FALSE,NA,UR7dc78b732f7e40058308856b85166050,Jacek Nawrocki,urk
1,https://openalex.org/A5101777586,B. Nowak,0.6854395604395603,FALSE,NA,UR3734a6b85ed74742a8f16364fbc716f1,Barbara Nowak,urk
1,https://openalex.org/A5064255554,Marek Ostafin,1,TRUE,NA,UR00f1343e26584a5bb759d43432801134,Marek Ostafin,urk
1,https://openalex.org/A5000641613,Piotr Pałka,1,TRUE,NA,UR3cae9d3fd8d644a2998166d8800ac7af,Piotr Pałka,urk
2,https://openalex.org/A5089712003,Bożena Pawłowska,1,TRUE,NA,URe096e280cadd4be189e45567fa5cf5cb,Bożena Pawłowska,urk
1,https://openalex.org/A5053820825,Przemysław Petryszak,1,TRUE,NA,URe020fc345d714ac0a98e172a30664a67,Przemysław Petryszak,urk
1,https://openalex.org/A5045691308,Agnieszka Płażek,1,TRUE,NA,URb9ce860b7233493e8447d9ce26c529dd,Agnieszka Płażek,urk
1,https://openalex.org/A5016333875,Katarzyna Pużyńska,1,TRUE,NA,UR7c168a2deaf94f3b96d6d992931f6d52,Katarzyna Pużyńska,urk
1,https://openalex.org/A5085904316,Marcin Rapacz,1,TRUE,NA,UR409a95a1881548afaaeab11231f10d0d,Marcin Rapacz,urk
1,https://openalex.org/A5045005263,Kinga Regdos,1,TRUE,NA,UR51bb9f32ee2245539a3254503f034ce4,Kinga Regdos,urk
1,https://openalex.org/A5085619677,D. Ropek,0.7568681318681318,FALSE,NA,UR733f2e3d5a4f4d52a0510e3016fea041,Dariusz Ropek,urk
1,https://openalex.org/A5046171623,W. Sady,0.4702380952380951,FALSE,NA,UR49ff8d7e5bf247f8a93c40e0cd8bb65c,Włodzimierz Sady,urk
1,https://openalex.org/A5024731950,Paweł Satora,1,TRUE,NA,UR2f0b9bad09d942df91df23a3ef2b2a6f,Paweł Satora,urk
1,https://openalex.org/A5054233433,Ewa Sitek,1,TRUE,NA,UR848cd2bba43f41808d1c39e49856737a,Ewa Sitek,urk
1,https://openalex.org/A5028940559,P. Siwek,0.7656926406926405,FALSE,NA,URbeff3be73f4b4e7fbeb63ef8645b74a8,Piotr Siwek,urk
1,https://openalex.org/A5003210238,J. Skrzyński,0.9209401709401708,TRUE,NA,URca6b463684f04be485a638dbeed9d0b3,Jan Skrzyński,urk
1,https://openalex.org/A5042193765,Sylwester Smoleń,1,TRUE,NA,URb5d192302721423e8e5fedc1a16552bf,Sylwester Smoleń,urk
1,https://openalex.org/A5045386126,Katarzyna Sołek-Podwika,1,TRUE,NA,UR7bec5430917447c7af2ea97b0d5bee14,Katarzyna Sołek-Podwika,urk
1,https://openalex.org/A5018315099,Piotr Stolarczyk,1,TRUE,NA,UR22f17ee4ec73495d96d3ccdde197bce6,Piotr Stolarczyk,urk
1,https://openalex.org/A5000921334,Paulina Supel,1,TRUE,NA,URae256404b00444ea9a6b3a78766cec1f,Paulina Supel,urk
3,https://openalex.org/A5083128368,Magdalena Surma,1,TRUE,NA,UR2156fad0cf6b425d9858094a9056e248,Magdalena Surma,urk
1,https://openalex.org/A5082495175,Hajnalka Szentgyörgyi,1,TRUE,NA,UR2132dcfd1a2540f28b17abe1e6c3ba01,Hajnalka Szentgyörgyi,urk
1,https://openalex.org/A5063866024,Bożena Szewczyk-Taranek,1,TRUE,NA,UR246fbe21c95142d3b9338a0d7f144703,Bożena Szewczyk-Taranek,urk
1,https://openalex.org/A5075489316,M. Szklarska-Łukasik,0.7559941520467836,FALSE,NA,URKce8591a731054170b3be25803da35965,Monika Szklarska-Łukasik,urk
1,https://openalex.org/A5056159277,A.M. Szymocha,0.6787240537240536,FALSE,NA,UR15621e49d4174e259e2a249ca516c1d3,Agnieszka M. Szymocha,urk
1,https://openalex.org/A5005517722,Monika Tabak,1,TRUE,NA,URaf51d4fa09ab41098c5841408f1bd5f9,Monika Tabak,urk
1,https://openalex.org/A5115733901,Ewelina Tomiak,1,TRUE,NA,UReb72cb5b7a084bf5abd0e9d925b2a9d2,Ewelina Tomiak,urk
1,https://openalex.org/A5053761240,Jacek Waga,1,TRUE,NA,UR4064c6490a6343dca4d3c1c8839d5d6a,Jacek Waga,urk
1,https://openalex.org/A5091909614,Wojciech Wesołowski,1,TRUE,NA,URb920303ad012423d925c6c757faa510d,Wojciech Wesołowski,urk
2,https://openalex.org/A5059497475,Barbara Wiśniowska-Kielian,1,TRUE,NA,UR8fe29d04b19c47f1bc92b6b5c1da4190,Barbara Wiśniowska-Kielian,urk
2,https://openalex.org/A5079985764,Zofia Włodarczyk,1,TRUE,NA,URd7daa0f48c9a48278681f7c53ffc2b04,Zofia Włodarczyk,urk
1,https://openalex.org/A5006158913,Elżbieta Wojciechowicz-Żytko,1,TRUE,NA,UR6ab74e62225f4bc7a093f2e4df299bd0,Elżbieta Wojciechowicz-Żytko,urk
2,https://openalex.org/A5025806342,Katarzyna Wolny-Koładka,1,TRUE,NA,UR4115e9b8004f4ecd998c1122ab948de5,Katarzyna Wolny-Koładka,urk
2,https://openalex.org/A5130188634,Magdalena Wójcik-Jagła,1,TRUE,NA,UR95fbc07c301049b1828416d13843f4e4,Magdalena Wójcik-Jagła,urk
1,https://openalex.org/A5052718519,Tomasz Wójtowicz,1,TRUE,NA,UR8e8b483ef95e44e39f1d9b88a7164944,Tomasz Wójtowicz,urk
2,https://openalex.org/A5031276507,Andrzej Zieliński,1,TRUE,NA,URce257e9bed1a42f98e10194b338980a1,Andrzej Zieliński,urk
1,https://openalex.org/A5019040059,Piotr Zięba,1,TRUE,NA,UR1a62e7fc7f7c4893be7a925820ad0617,Piotr Zięba,urk
1,https://openalex.org/A5033413612,Małgorzata Baćmaga,1,TRUE,NA,UWMe017b52198884173bcc22e0ac51ce1f6,Małgorzata Baćmaga,uwm
1,https://openalex.org/A5034174412,Agnieszka Bęś,1,TRUE,NA,UWMabb279b52a144d1f8d8e7cc84b95604a,Agnieszka Bęś,uwm
1,https://openalex.org/A5020216693,Ernest Bielinis,1,TRUE,NA,UWM4e86a97f210648b698bca7ebea812be7,Ernest Bielinis,uwm
1,https://openalex.org/A5077833462,Stanisław Bielski,1,TRUE,NA,UWMaf5a38a0ce2d4265b96047d23f9a25bd,Stanisław Bielski,uwm
1,https://openalex.org/A5064659195,Anna Bieniek,0.7972222222222222,FALSE,NA,UWM1a314e46800e40ad8cb3905ba6db8541,Anna Adriana Bieniek,uwm
0,NA,NA,NA,FALSE,NA,UWMb7616f7933404d57af43a27964caf67c,Bożena Bernarda Bogucka,uwm
0,NA,NA,NA,FALSE,NA,UWM17a934957586469bb67b043288d8cb9a,Jakub Stoigniew Borkowski,uwm
1,https://openalex.org/A5013608628,Edyta Boros-Lajszner,1,TRUE,NA,UWM75e5c1461ee24e32a951befea25b391a,Edyta Boros-Lajszner,uwm
0,NA,NA,NA,FALSE,NA,UWMca00d86455fd45b99aa31ac86dd336fb,Agata Izabela Borowik,uwm
0,NA,NA,NA,FALSE,NA,UWMce50e5746d1641aebda9c050a2e8cc58,Katarzyna Halina Brodzińska,uwm
0,NA,NA,NA,FALSE,NA,UWM61dd658869894d06962e5330a7e556d0,Paweł Artur Burandt,uwm
0,NA,NA,NA,FALSE,NA,UWMbef0be6107a14428866b06f90e01db95,Ewa Emilia Chećko,uwm
1,https://openalex.org/A5033433641,Bożena Cwalina-Ambroziak,1,TRUE,NA,UWMa674143e875c4c56b978b16a855e0e67,Bożena Cwalina-Ambroziak,uwm
1,https://openalex.org/A5060606482,Ireneusz Cymes,1,TRUE,NA,UWM74b968b8de804c4f962aaf727affa857,Ireneusz Cymes,uwm
1,https://openalex.org/A5069332231,Marta Damszel,0.8690958164642375,TRUE,NA,UWMfbcfc7735f054740ad7d45bab0832cff,Marta Maria Damszel,uwm
0,NA,NA,NA,FALSE,NA,UWMf501859332dc4cf8b3a13a22275c7891,Ewa Wanda agańska,uwm
1,https://openalex.org/A5049701651,Bogdan Dubis,1,TRUE,NA,UWMbb834440d28f4b4996e2c524cdb05194,Bogdan Dubis,uwm
1,https://openalex.org/A5048558793,Anna Francke,1,TRUE,NA,UWM4f1ec86bf35f45b6b388165987ca9d01,Anna Francke,uwm
4,https://openalex.org/A5122808560,Katarzyna Glińska-Lewczuk,1,TRUE,NA,UWM32e416a057f740aaaaf36857f8178ca4,Katarzyna Glińska-Lewczuk,uwm
1,https://openalex.org/A5027877397,K. Jankowski,0.4688888888888889,FALSE,NA,UWMe3d7c61c189e44bcbcc070eac5c4f326,Krzysztof Józef Jankowski,uwm
1,https://openalex.org/A5063921183,Magdalena Jastrzębska,1,TRUE,NA,UWMb3a5ba9fbba24cf2a8d9e62377290b49,Magdalena Jastrzębska,uwm
0,NA,NA,NA,FALSE,NA,UWM17054b18342d4ab48fd4b3b41e3366d7,Barbara Magdalena Kalisz,uwm
1,https://openalex.org/A5063075262,Szymon Kobus,1,TRUE,NA,UWMfa6f61f7453e49e689501ec5eda326d7,Szymon Kobus,uwm
0,NA,NA,NA,FALSE,NA,UWM387897e75afa47289aac342db376879a,Bożena Ewa Kordan,uwm
1,https://openalex.org/A5013707231,Agnieszka Kosewska,1,TRUE,NA,UWM6f237210c4e3423d87f8dd2007e8d9ff,Agnieszka Kosewska,uwm
1,https://openalex.org/A5090131674,Marta K. Kostrzewska,0.779304743339831,FALSE,NA,UWMd93b139554e043848a52bc3aa1a702e6,Marta Katarzyna Kostrzewska,uwm
1,https://openalex.org/A5068207873,Sławomir Krzebietke,0.8322807017543858,FALSE,NA,UWMea5735ac0f4a4d4b844e27fd2af5f51d,Sławomir Józef Krzebietke,uwm
0,NA,NA,NA,FALSE,NA,UWM82700bd38ee24248ab890b01c8d5894b,Michał Zenon Krzyżaniak,uwm
3,https://openalex.org/A5122734371,Jacek Kwiatkowski,1,TRUE,NA,UWMe36b8331073040eeba897984fbc02f28,Jacek Kwiatkowski,uwm
1,https://openalex.org/A5018041404,Emilia Ludwiczak,1,TRUE,NA,UWM5c7b824abf0b41b1a71d501fe4d47e9c,Emilia Ludwiczak,uwm
0,NA,NA,NA,FALSE,NA,UWM782dd142ce364fe983fa9f54be23819e,Andrzej Kazimierz Łachacz,uwm
1,https://openalex.org/A5077753446,Ewa Mackiewicz-Walec,0.9,TRUE,NA,UWM59834fe094fe4922a08a6ae0e7b1ad27,Ewa Mackiewicz,uwm
1,https://openalex.org/A5000004714,Joanna Majkowska-Gadomska,1,TRUE,NA,UWMac10f01710bd446da430737f93100183,Joanna Majkowska-Gadomska,uwm
1,https://openalex.org/A5024115689,Marek Marks,1,TRUE,NA,UWM9185eee85c5246dfa51fa85168c027d2,Marek Marks,uwm
2,https://openalex.org/A5045708908,Marcin Michalak,1,TRUE,NA,UWMd588cd743d17444f9aa912255f3fbd56,Marcin Michalak,uwm
1,https://openalex.org/A5032548258,Mariusz Nietupski,1,TRUE,NA,UWMac690b4dca0f4d3c963115fb9c10fd8d,Mariusz Nietupski,uwm
1,https://openalex.org/A5049640254,Anna Nogalska,1,TRUE,NA,UWMa191260d2af1458995ac854ffade2d9a,Anna Nogalska,uwm
1,https://openalex.org/A5006129948,Adam Okorski,1,TRUE,NA,UWM7c4581b5849c458dbb717b4bface2aea,Adam Okorski,uwm
0,NA,NA,NA,FALSE,NA,UWMde4100d46ce14c8f89cc2fec030643ce,Ewelina Anna Olba-Zięty,uwm
1,https://openalex.org/A5038369384,Marzenna Olszewska,1,TRUE,NA,UWM5fe729f370fd4168a9b8d9fc244877f9,Marzenna Olszewska,uwm
1,https://openalex.org/A5069677248,Jacek Olszewski,1,TRUE,NA,UWM1b0694deec1c43539291c35a7c661608,Jacek Olszewski,uwm
1,https://openalex.org/A5010833413,Krzysztof Orzech,1,TRUE,NA,UWM326ec48ce19947eda991e5b2515bc9ab,Krzysztof Orzech,uwm
1,https://openalex.org/A5008623034,Mirosław Orzechowski,1,TRUE,NA,UWM8df329234738413fb25e8100cadc0b1f,Mirosław Orzechowski,uwm
1,https://openalex.org/A5016015164,Sebastian Wojciech Przemieniecki,1,TRUE,NA,UWM5d6557f862684ef1b4fe57bcdad04f46,Sebastian Wojciech Przemieniecki,uwm
1,https://openalex.org/A5010036492,Jerzy Andrzej Przyborowski,1,TRUE,NA,UWM5c7f7283f89a4793abaf30105f7a7fac,Jerzy Andrzej Przyborowski,uwm
0,NA,NA,NA,FALSE,NA,UWM0efcdc9aa1c744c889b53df42f80d00b,Agnieszka Maria Pszczółkowska,uwm
1,https://openalex.org/A5081554607,Elżbieta Rolka,1,TRUE,NA,UWM0f98f7baf59749fb863af9eb3a5b7035,Elżbieta Rolka,uwm
1,https://openalex.org/A5077475519,Marcin Sidoruk,1,TRUE,NA,UWMabe90dd70a3f4a6d9854a65fbf5850e4,Marcin Sidoruk,uwm
1,https://openalex.org/A5017209000,Stanisław Sienkiewicz,1,TRUE,NA,UWMf0d069550d6243cd94d94a10e858f82c,Stanisław Sienkiewicz,uwm
0,NA,NA,NA,FALSE,NA,UWM0594b610c2da4b528d89b5265af4c873,Łukasz Bogdan Sikorski,uwm
0,NA,NA,NA,FALSE,NA,UWMe5d880d682e44e24acf787ac88030f9f,Andrzej Józef Skwierawski,uwm
1,https://openalex.org/A5038597192,Sławomir Smólczyński,0.846551724137931,FALSE,NA,UWM5e0f00eb160d4cf297ad2b5d1ca07acd,Sławomir Grzegorz Smólczyński,uwm
3,https://openalex.org/A5003125315,Paweł Sowiński,1,TRUE,NA,UWM27a22177d76b4fabbb62fcbff95d56cd,Paweł Sowiński,uwm
2,https://openalex.org/A5007371617,Arkadiusz Stępień,1,TRUE,NA,UWM80731b65172b467b98d9804cd019ed00,Arkadiusz Stępień,uwm
1,https://openalex.org/A5002202446,M. Stolarski,0.48636991028295373,FALSE,NA,UWMe020abfc8bbf4b75836dbdd34c8496c6,Mariusz Jerzy Stolarski,uwm
1,https://openalex.org/A5022364106,Elżbieta Suchowilska,1,TRUE,NA,UWM7b0983da7a25423f8422514b5142991c,Elżbieta Suchowilska,uwm
1,https://openalex.org/A5017067547,Paweł Sulima,1,TRUE,NA,UWMe7bd86411d09423184c6e474edbd9300,Paweł Sulima,uwm
1,https://openalex.org/A5089921441,Artur Szatkowski,1,TRUE,NA,UWMb78b2c9afa1340a9b3064a5213dea6ba,Artur Szatkowski,uwm
1,https://openalex.org/A5057281890,Sławomir Szymczyk,1,TRUE,NA,UWMcf4087fe371d417cb1e4059a02fbcc33,Sławomir Szymczyk,uwm
2,https://openalex.org/A5122170400,Józef Tyburski,1,TRUE,NA,UWM80d836d084ec4ec189daa84d9e0cce9d,Józef Tyburski,uwm
0,NA,NA,NA,FALSE,NA,UWM5bf6a8511d6e4de1bb4f0e89ed709d3f,Urszula Barbara Wachowska,uwm
1,https://openalex.org/A5081579598,Kazimierz Warmiński,1,TRUE,NA,UWM7da33e668c7c44e581ba884ba458c0a3,Kazimierz Warmiński,uwm
1,https://openalex.org/A5072372927,Jadwiga Wierzbowska,1,TRUE,NA,UWM4b6adb03aebe4272a09a1c6ab54db979,Jadwiga Wierzbowska,uwm
0,NA,NA,NA,FALSE,NA,UWMfaf0f31ea45842cb8eadbf95729e1673,Marian Wojciech Wiwart,uwm
1,https://openalex.org/A5055952920,Jadwiga Wyszkowska,1,TRUE,NA,UWMfa9f192014204a8e83d195fd0c1e4f63,Jadwiga Wyszkowska,uwm
1,https://openalex.org/A5026134805,Mirosław Wyszkowski,1,TRUE,NA,UWM003c2ec8ee754b5e9798eca5b9c4e459,Mirosław Wyszkowski,uwm
2,https://openalex.org/A5015953478,Magdalena Zaborowska,1,TRUE,NA,UWM737a03ac7106480fbecf4045cf05d68a,Magdalena Zaborowska,uwm
1,https://openalex.org/A5011580581,Dariusz Załuski,1,TRUE,NA,UWMb83987221c6846eaa42dc061fe2e8cba,Dariusz Załuski,uwm
1,https://openalex.org/A5064484724,Andrzej Cezary Żołnowski,1,TRUE,NA,UWM19a8db357fed408c8918adc9239ddbdb,Andrzej Cezary Żołnowski,uwm
2,https://openalex.org/A5006948319,Krystyna ŻUK-GOŁASZEWSKA,1,TRUE,NA,UWM1ecc862258844151b85415065bd1c8cc,Krystyna Żuk-Gołaszewska,uwm
0,NA,NA,NA,FALSE,NA,UR2d269aae2f154d9199eaa325b36bd07f,Monika Bienasz,urk
1,https://openalex.org/A5028338799,Krzysztof Buksa,1,TRUE,NA,URd5f715833daf411bae0a140485699e28,Krzysztof Buksa,urk
1,https://openalex.org/A5074298941,E. Capecka,0.757912457912458,FALSE,NA,UR5571b1a932fb41efabcbcfa7945c6a22,Ewa Capecka,urk
1,https://openalex.org/A5028592538,Maria J. Chmiel,0.7944444444444444,FALSE,NA,UR619b5729a15d4148b2e3fda26cdd9f78,Maria Jolanta Chmiel,urk
1,https://openalex.org/A5068679894,Tomasz Czech,1,TRUE,NA,URe35d100502c448e9a3bd00b67eb22dba,Tomasz Czech,urk
1,https://openalex.org/A5075874093,Małgorzata Czernicka,1,TRUE,NA,UR08377034b946481cbaec2dd851470ffe,Małgorzata Czernicka,urk
1,https://openalex.org/A5038813961,I. Domagała-Świątkiewicz,0.8135399892646269,FALSE,NA,URe85447401311450983f960e94ba83def,Iwona Domagała-Świątkiewicz,urk
2,https://openalex.org/A5024511898,Adam Florkiewicz,1,TRUE,NA,UR052313ff04b64d6ba8b8b4728f909038,Adam Florkiewicz,urk
1,https://openalex.org/A5000146572,K. Frączek,0.6986928104575163,FALSE,NA,URf3aaf7c7e5124f15beaf9e52d583c0f5,Krzysztof Frączek,urk
2,https://openalex.org/A5053600351,Marek Gancarz,1,TRUE,NA,UR0100caa105af4d5887d2c5278f282726,Marek Gancarz,urk
1,https://openalex.org/A5042551618,Maciej Gąstoł,1,TRUE,NA,URa3523e45823f4ec6bb9e7513dcb9260a,Maciej Gąstoł,urk
1,https://openalex.org/A5033342489,Katarzyna Gleń-Karolczyk,1,TRUE,NA,UR55600b8d726c456dacf5e2e271cfefb1,Katarzyna Gleń-Karolczyk,urk
1,https://openalex.org/A5010648224,Anna Gorczyca,1,TRUE,NA,UR06547dd228d24f708e7c733f2462d6a9,Anna Gorczyca,urk
1,https://openalex.org/A5084689376,Ewa Grzebelus,1,TRUE,NA,UR86b52b5d8d1340948798e784c76739b2,Ewa Grzebelus,urk
2,https://openalex.org/A5047383024,Ewa Hanus-Fajerska,1,TRUE,NA,UR3dd60eb5d50345d2a202cf38af97429d,Ewa Hanus-Fajerska,urk
1,https://openalex.org/A5037942547,Barbara Jagosz,1,TRUE,NA,UR41e15cca49d04db5baf4e5952eafa2d5,Barbara Jagosz,urk
1,https://openalex.org/A5085110790,T. Jakubowski,0.7513197586726998,FALSE,NA,UR30c8eb81b7c44ab5884d698f823bd16b,Tomasz Jakubowski,urk
1,https://openalex.org/A5068384125,Barbara Jurczyk,1,TRUE,NA,URfa7d2d478f354a8896acbaea4563ccb0,Barbara Jurczyk,urk
2,https://openalex.org/A5135365809,Piotr Kacorzyk,1,TRUE,NA,UR01cfc01e14f34e59be3fce498306cf43,Piotr Kacorzyk,urk
1,https://openalex.org/A5011220810,Anna Kapczyńska,1,TRUE,NA,UR85222e4119694b818800ae26cd36fb50,Anna Kapczyńska,urk
1,https://openalex.org/A5017883241,Gohar Khachatryan,1,TRUE,NA,URf8bd1d0231954f4fae7a5c8e6ebbe8ad,Gohar Khachatryan,urk
1,https://openalex.org/A5077658163,Agnieszka Kiełkowska,1,TRUE,NA,UR6d7543a692e04f249a7ab2c0da65d956,Agnieszka Kiełkowska,urk
1,https://openalex.org/A5010379847,Magdalena Klimek‐Chodacka,0.9733333333333332,TRUE,NA,URfcbf3a729ce44439a3d7198a308d5ddd,Magdalena Klimek-Chodacka,urk
3,https://openalex.org/A5007115333,Marek Kołodziejczyk,1,TRUE,NA,URae53a8cd45954619a8a8f939434342d2,Marek Kołodziejczyk,urk
1,https://openalex.org/A5090112566,Anna Kołton,1,TRUE,NA,UR5ea77485d025472f904db9ab95db3938,Anna Kołton,urk
1,https://openalex.org/A5024641404,Anna Korus,1,TRUE,NA,UR816606ce1ff74ef0b54b113d4cd953d2,Anna Korus,urk
2,https://openalex.org/A5057811402,Jarosław Korus,1,TRUE,NA,URc7cc698f96284629880fae47f8e7cb39,Jarosław Korus,urk
2,https://openalex.org/A5000691465,Iwona Kowalska,1,TRUE,NA,URd42fae525bda477ea2a690b1b8ed5e92,Iwona Kowalska,urk
1,https://openalex.org/A5011066900,Stanisław Kowalski,1,TRUE,NA,UR14420d2f59f34b1993871ee1077c4fa7,Stanisław Kowalski,urk
2,https://openalex.org/A5129031725,Anna Lenart-Boroń,1,TRUE,NA,URb63a965b037f4652be9c28a503ad48a4,Anna Lenart-Boroń,urk
2,https://openalex.org/A5121868492,Alicja Macko-Podgórni,1,TRUE,NA,UR1a0e41431ae945e397d028d232fffc33,Alicja Macko-Podgórni,urk
1,https://openalex.org/A5041219251,Paweł Nicia,1,TRUE,NA,UR765c1b174ed14daf9e8423462d7ae112,Paweł Nicia,urk
2,https://openalex.org/A5017943872,Marcin Niemiec,1,TRUE,NA,UR06f684d63f054eb281571f2079e1802f,Marcin Niemiec,urk
1,https://openalex.org/A5087035047,A. Oleksy,0.7367724867724867,FALSE,NA,UR54db415de42d474f9f1f62af7c82ee85,Andrzej Oleksy,urk
1,https://openalex.org/A5049073615,Sławomir Pietrzyk,1,TRUE,NA,UR1c6044792fd44577af3050ba3707784c,Sławomir Pietrzyk,urk
1,https://openalex.org/A5006482728,Maria Pobożniak,1,TRUE,NA,URdabb3a235063400698c3097c21ae0479,Maria Pobożniak,urk
1,https://openalex.org/A5031805918,Ewa Pociecha,1,TRUE,NA,URd3fd88897e424a91af953347731e106c,Ewa Pociecha,urk
2,https://openalex.org/A5039587639,Agata Ptak,1,TRUE,NA,UR303d64705d1b43dba5d82e2934e93c45,Agata Ptak,urk
1,https://openalex.org/A5008036551,Joanna Puła,1,TRUE,NA,UR138df19f07d44b6aa8ddf1e173cbc9a7,Joanna Puła,urk
1,https://openalex.org/A5031600048,A. Radkowski,0.8401875901875901,FALSE,NA,URe2b3c335624648069b17ffb990aa3785,Adam Radkowski,urk
1,https://openalex.org/A5091071058,Urszula Sadowska,1,TRUE,NA,UR996ab15600ce43c3846945e34d1aeedd,Urszula Sadowska,urk
2,https://openalex.org/A5031282961,Agnieszka Sękara,1,TRUE,NA,URe30df33ccec6480cb70a05670e47a389,Agnieszka Sękara,urk
1,https://openalex.org/A5017039357,Magdalena Simlat,1,TRUE,NA,URee4045f6b684479cb7f8ceb2090f97c0,Magdalena Simlat,urk
1,https://openalex.org/A5014277958,Zygmunt Sobol,1,TRUE,NA,UR8d855dc72df94a9bb9d27bc30f20e96c,Zygmunt Sobol,urk
1,https://openalex.org/A5033554071,M. Suchánek,0.6639309764309764,FALSE,NA,UR70ae12c618cf45f2aba421ab6f9f14ae,Mateusz Suchanek,urk
3,https://openalex.org/A5043735634,Agnieszka Synowiec,1,TRUE,NA,URac41249364e34bcbb5652bcc9476322b,Agnieszka Synowiec,urk
3,https://openalex.org/A5076528746,Wojciech Szewczyk,1,TRUE,NA,URd74a834ae6e44615aad3cc387aaeafde,Wojciech Szewczyk,urk
1,https://openalex.org/A5009461188,Tomasz Tarko,1,TRUE,NA,URfe020f49e5bf439299b015abc3a44d14,Tomasz Tarko,urk
1,https://openalex.org/A5069131277,Barbara Tokarz,1,TRUE,NA,URf4912147ec234c40839c11f96a3f51c2,Barbara Tokarz,urk
1,https://openalex.org/A5054483805,Tomasz Warzecha,1,TRUE,NA,UR29a69709ece848649c386d0aef3bffb6,Tomasz Warzecha,urk
4,https://openalex.org/A5102855010,Jerzy Wieczorek,1,TRUE,NA,UR12964ae019904081b9395a014763ae07,Jerzy Wieczorek,urk
1,https://openalex.org/A5035388721,Anna Wisła-Świder,1,TRUE,NA,UR6489d45e71644358b12abc0a0b06f845,Anna Wisła-Świder,urk
1,https://openalex.org/A5003874826,Alina Wiszniewska,1,TRUE,NA,URd812621ca36945a1b10f46911829025d,Alina Wiszniewska,urk
1,https://openalex.org/A5013353683,Teresa Witczak,1,TRUE,NA,UR493b5b79396344b1bf5ceaf98239c281,Teresa Witczak,urk
1,https://openalex.org/A5016187928,Robert Witkowicz,1,TRUE,NA,URfb70611b23ed42d6ac02f228d8a64fa7,Robert Witkowicz,urk
1,https://openalex.org/A5003981053,Renata Wojciechowska,1,TRUE,NA,UR8543b85dc12048aebde2239140c5d6cb,Renata Wojciechowska,urk
1,https://openalex.org/A5038441970,Paweł Zadrożny,1,TRUE,NA,UR1de82ed5e61548ecaac78ab74c3b544e,Paweł Zadrożny,urk
1,https://openalex.org/A5017173730,Tomasz Zaleski,1,TRUE,NA,UR0ab509a6de0145f890afee37903239c4,Tomasz Zaleski,urk
