"profil","stanowisko","jednostka","wydzial","h_index_scopus","h_index_wos","sum_IF","sum_SNIP","sum_MEiN","author_id","url","error"
"Katarzyna Adamczewska-Sowińska","profesor","Katedra Ogrodnictwa","Wydział Przyrodniczo-Technologiczny",13,11,67.491,27.994,2327,"UPWr520c294c3cc94377af21b25c6390ae75","https://bazawiedzy.upwr.edu.pl/info/author/UPWr520c294c3cc94377af21b25c6390ae75?lang=pl&r=publication&tab=main",NA
"Agnieszka Balbierz",NA,"Katedra Ogrodnictwa","Wydział Przyrodniczo-Technologiczny",2,2,1.58,2.333,83,"UPWrbd409b0eccde49beadf29785fa644366","https://bazawiedzy.upwr.edu.pl/info/author/UPWrbd409b0eccde49beadf29785fa644366?lang=pl&r=publication&tab=main",NA
"Maria Barna",NA,"Katedra Technologii Owoców, Warzyw i Nutraceutyków Roślinnych","Wydział Biotechnologii i Nauk o Żywności",NA,NA,NA,NA,NA,"UPWrdebf9fed64a149bf8783d376a176426d","https://bazawiedzy.upwr.edu.pl/info/author/UPWrdebf9fed64a149bf8783d376a176426d?lang=pl&r=publication&tab=main",NA
"Przemysław Bąbelewski","profesor","Katedra Ogrodnictwa","Wydział Przyrodniczo-Technologiczny",9,9,104.754,39.697,3747,"UPWr22ece9e18ed04a4885927cf07e3f7240","https://bazawiedzy.upwr.edu.pl/info/author/UPWr22ece9e18ed04a4885927cf07e3f7240?lang=pl&r=publication&tab=main",NA
"Paulina Bączek","adiunkt","Katedra Ochrony Roślin","Wydział Przyrodniczo-Technologiczny",3,3,31.111,9.725,1053,"UPWrd1b58e9c682a414ea18e38b03cade374","https://bazawiedzy.upwr.edu.pl/info/author/UPWrd1b58e9c682a414ea18e38b03cade374?lang=pl&r=publication&tab=main",NA
"Magdalena Bednik-Dudek",NA,"Instytut Nauk o Glebie, Żywienia Roślin i Ochrony Środowiska","Wydział Przyrodniczo-Technologiczny",9,9,68.681,20.65,1965,"UPWr7dfe7130e578415eb652347e8fe96803","https://bazawiedzy.upwr.edu.pl/info/author/UPWr7dfe7130e578415eb652347e8fe96803?lang=pl&r=publication&tab=main",NA
"Jakub Bekier","profesor Uczelni","Instytut Nauk o Glebie, Żywienia Roślin i Ochrony Środowiska","Wydział Przyrodniczo-Technologiczny",10,10,68.201,25.574,2132,"UPWr51b970e370f24b26aebc54dc5a9f7ed7","https://bazawiedzy.upwr.edu.pl/info/author/UPWr51b970e370f24b26aebc54dc5a9f7ed7?lang=pl&r=publication&tab=main",NA
"Monika Białkowska",NA,"Instytut Agroekologii i Produkcji Roślinnej","Wydział Przyrodniczo-Technologiczny",4,3,11.2,3.578,524,"UPWr7908e9b98bf648b5b371281313e71e47","https://bazawiedzy.upwr.edu.pl/info/author/UPWr7908e9b98bf648b5b371281313e71e47?lang=pl&r=publication&tab=main",NA
"Anita Biesiada","profesor","Katedra Ogrodnictwa","Wydział Przyrodniczo-Technologiczny",17,17,53.5,25.807,1710,"UPWr49bb9cf6194e484e9840fabf523aeaa2","https://bazawiedzy.upwr.edu.pl/info/author/UPWr49bb9cf6194e484e9840fabf523aeaa2?lang=pl&r=publication&tab=main",NA
"Adam Bogacz","profesor","Instytut Nauk o Glebie, Żywienia Roślin i Ochrony Środowiska","Wydział Przyrodniczo-Technologiczny",16,16,72.92,37.525,2491,"UPWra51f1c132eb44e49a6d96e135b934e1a","https://bazawiedzy.upwr.edu.pl/info/author/UPWra51f1c132eb44e49a6d96e135b934e1a?lang=pl&r=publication&tab=main",NA
"Marek Brennensthul","adiunkt","Instytut Inżynierii Rolniczej","Wydział Przyrodniczo-Technologiczny",5,5,31.826,12.629,1288,"UPWr2728dfc28bfb4c3c9cff8836f288a691","https://bazawiedzy.upwr.edu.pl/info/author/UPWr2728dfc28bfb4c3c9cff8836f288a691?lang=pl&r=publication&tab=main",NA
"Bogusława Bronowicka",NA,NA,NA,NA,NA,NA,NA,NA,"UPWr940bc09a9e394693afaa073cbd1628b2","https://bazawiedzy.upwr.edu.pl/info/author/UPWr940bc09a9e394693afaa073cbd1628b2?lang=pl&r=publication&tab=main",NA
"Henryk Bujak","profesor","Katedra Genetyki, Hodowli Roślin i Nasiennictwa","Wydział Przyrodniczo-Technologiczny",11,11,138.144,47.354,4557,"UPWr98c2c47307cd4510b664bc0ccb1885e4","https://bazawiedzy.upwr.edu.pl/info/author/UPWr98c2c47307cd4510b664bc0ccb1885e4?lang=pl&r=publication&tab=main",NA
"Marta Buzar",NA,"Katedra Genetyki, Hodowli Roślin i Nasiennictwa","Wydział Przyrodniczo-Technologiczny",NA,NA,18,18,18,"UPWr3b6bd45ffbf1474c87d4008c87271ee5","https://bazawiedzy.upwr.edu.pl/info/author/UPWr3b6bd45ffbf1474c87d4008c87271ee5?lang=pl&r=publication&tab=main",NA
"Piotr Chohura","adiunkt","Katedra Ogrodnictwa","Wydział Przyrodniczo-Technologiczny",10,9,41.536,17.215,1536,"UPWrdbf73eb453b74199a0a6f52ee3ab3c17","https://bazawiedzy.upwr.edu.pl/info/author/UPWrdbf73eb453b74199a0a6f52ee3ab3c17?lang=pl&r=publication&tab=main",NA
"Beata Cieniawska","adiunkt","Instytut Inżynierii Rolniczej","Wydział Przyrodniczo-Technologiczny",4,4,25.66,9.788,1351,"UPWr39843b9204a54d7b840ac55151f641df","https://bazawiedzy.upwr.edu.pl/info/author/UPWr39843b9204a54d7b840ac55151f641df?lang=pl&r=publication&tab=main",NA
"Marta Czaplicka","adiunkt","Katedra Ogrodnictwa","Wydział Przyrodniczo-Technologiczny",4,4,37.649,12.957,1636,"UPWrc2174ef778514dcc870cec9024280790","https://bazawiedzy.upwr.edu.pl/info/author/UPWrc2174ef778514dcc870cec9024280790?lang=pl&r=publication&tab=main",NA
"Jarosław Czarnecki","profesor Uczelni","Instytut Inżynierii Rolniczej","Wydział Przyrodniczo-Technologiczny",5,5,22.726,10.751,1190,"UPWrf8458a9fc38b44d29436c5fe2ed96758","https://bazawiedzy.upwr.edu.pl/info/author/UPWrf8458a9fc38b44d29436c5fe2ed96758?lang=pl&r=publication&tab=main",NA
"Marta Czarniecka-Wiera","adiunkt","Instytut Agroekologii i Produkcji Roślinnej","Wydział Przyrodniczo-Technologiczny",8,8,46.037,13.743,1507,"UPWR07db76aee2144ba9a7c9508b896c6029","https://bazawiedzy.upwr.edu.pl/info/author/UPWR07db76aee2144ba9a7c9508b896c6029?lang=pl&r=publication&tab=main",NA
"Tadeusz Czuj",NA,"Katedra Genetyki, Hodowli Roślin i Nasiennictwa","Wydział Przyrodniczo-Technologiczny",6,7,29.475,9.686,617,"UPWr4bb71d26ca474f7f840ec7afcc8e5ae8","https://bazawiedzy.upwr.edu.pl/info/author/UPWr4bb71d26ca474f7f840ec7afcc8e5ae8?lang=pl&r=publication&tab=main",NA
"Irmina Ćwieląg-Piasecka","profesor Uczelni","Instytut Nauk o Glebie, Żywienia Roślin i Ochrony Środowiska","Wydział Przyrodniczo-Technologiczny",14,13,133.72,39.394,3375,"UPWr72fc2b157ebe44358b44ddc888b2480a","https://bazawiedzy.upwr.edu.pl/info/author/UPWr72fc2b157ebe44358b44ddc888b2480a?lang=pl&r=publication&tab=main",NA
"Magdalena Dębicka","profesor Uczelni","Instytut Nauk o Glebie, Żywienia Roślin i Ochrony Środowiska","Wydział Przyrodniczo-Technologiczny",10,10,76.722,28.001,2195,"UPWr5b283d1a26954ae689afa44ddb29b89b","https://bazawiedzy.upwr.edu.pl/info/author/UPWr5b283d1a26954ae689afa44ddb29b89b?lang=pl&r=publication&tab=main",NA
"Agnieszka Dradrach","profesor","Instytut Agroekologii i Produkcji Roślinnej","Wydział Przyrodniczo-Technologiczny",11,11,79.72,29.586,2389,"UPWr8f572debb4d74e9b8b1c5ea2adf10f0e","https://bazawiedzy.upwr.edu.pl/info/author/UPWr8f572debb4d74e9b8b1c5ea2adf10f0e?lang=pl&r=publication&tab=main",NA
"Agnieszka Falkiewicz",NA,"Instytut Agroekologii i Produkcji Roślinnej","Wydział Przyrodniczo-Technologiczny",2,2,7.2,2.267,200,"UPWrf83e593d59be47489cc3433f1cb4eca2","https://bazawiedzy.upwr.edu.pl/info/author/UPWrf83e593d59be47489cc3433f1cb4eca2?lang=pl&r=publication&tab=main",NA
"Adam Figiel","profesor","Instytut Inżynierii Rolniczej","Wydział Przyrodniczo-Technologiczny",40,37,314.321,126.816,7516,"UPWree0b8b35b4de42a7927b86affce451ad","https://bazawiedzy.upwr.edu.pl/info/author/UPWree0b8b35b4de42a7927b86affce451ad?lang=pl&r=publication&tab=main",NA
"Anna Fleszar",NA,"Instytut Nauk o Glebie, Żywienia Roślin i Ochrony Środowiska","Wydział Przyrodniczo-Technologiczny",1,1,3.3,1.083,100,"UPWr3f6f2dfbf4b64044ac428018244c2c67","https://bazawiedzy.upwr.edu.pl/info/author/UPWr3f6f2dfbf4b64044ac428018244c2c67?lang=pl&r=publication&tab=main",NA
"Renata Galek","profesor Uczelni","Katedra Genetyki, Hodowli Roślin i Nasiennictwa","Wydział Przyrodniczo-Technologiczny",10,9,95.229,30.731,2957,"UPWr3d9aacd86ba84a49b0f8b6db7db6f258","https://bazawiedzy.upwr.edu.pl/info/author/UPWr3d9aacd86ba84a49b0f8b6db7db6f258?lang=pl&r=publication&tab=main",NA
"Bernard Gałka","profesor","Instytut Nauk o Glebie, Żywienia Roślin i Ochrony Środowiska","Wydział Przyrodniczo-Technologiczny",19,17,157.176,61.908,4605,"UPWr3c874d513c9d4cf5863acdb38a5ee98a","https://bazawiedzy.upwr.edu.pl/info/author/UPWr3c874d513c9d4cf5863acdb38a5ee98a?lang=pl&r=publication&tab=main",NA
"Krzysztof Gediga","adiunkt","Instytut Nauk o Glebie, Żywienia Roślin i Ochrony Środowiska","Wydział Przyrodniczo-Technologiczny",9,9,35.702,12.974,969,"UPWrde796810c5be48438ebbfdc302e7fce3","https://bazawiedzy.upwr.edu.pl/info/author/UPWrde796810c5be48438ebbfdc302e7fce3?lang=pl&r=publication&tab=main",NA
"Elżbieta Gębarowska","adiunkt","Katedra Ochrony Roślin","Wydział Przyrodniczo-Technologiczny",9,7,54.308,18.685,1879,"UPWrd2b4b174c0d74ab4b393ab5b226acc88","https://bazawiedzy.upwr.edu.pl/info/author/UPWrd2b4b174c0d74ab4b393ab5b226acc88?lang=pl&r=publication&tab=main",NA
"Jolanta Górecka",NA,"Katedra Genetyki, Hodowli Roślin i Nasiennictwa","Wydział Przyrodniczo-Technologiczny",NA,NA,NA,NA,NA,"UPWr7af1d3e443ba49f5a32fe52c270b20df","https://bazawiedzy.upwr.edu.pl/info/author/UPWr7af1d3e443ba49f5a32fe52c270b20df?lang=pl&r=publication&tab=main",NA
"Iwona Gruss","profesor Uczelni","Katedra Ochrony Roślin","Wydział Przyrodniczo-Technologiczny",9,9,119.995,42.436,3760,"UPWr52de048f59f449d48f18e0f1e6eb8ce9","https://bazawiedzy.upwr.edu.pl/info/author/UPWr52de048f59f449d48f18e0f1e6eb8ce9?lang=pl&r=publication&tab=main",NA
"Dariusz Gruszka",NA,"Instytut Nauk o Glebie, Żywienia Roślin i Ochrony Środowiska","Wydział Przyrodniczo-Technologiczny",4,5,37.382,12.224,1080,"UPWr33f5e9da9b794e24ab38ec9dd1fc2624","https://bazawiedzy.upwr.edu.pl/info/author/UPWr33f5e9da9b794e24ab38ec9dd1fc2624?lang=pl&r=publication&tab=main",NA
"Ewelina Gudarowska","adiunkt","Katedra Ogrodnictwa","Wydział Przyrodniczo-Technologiczny",4,4,8.866,5.882,827,"UPWrb1fdadd98c544369be7577cf54847b3d","https://bazawiedzy.upwr.edu.pl/info/author/UPWrb1fdadd98c544369be7577cf54847b3d?lang=pl&r=publication&tab=main",NA
"Aleksandra Halarewicz","profesor","Katedra Botaniki i Ekologii Roślin","Wydział Przyrodniczo-Technologiczny",8,8,42.6,19.45,1386,"UPWr9140757de3e84e7dae5172520abb03a6","https://bazawiedzy.upwr.edu.pl/info/author/UPWr9140757de3e84e7dae5172520abb03a6?lang=pl&r=publication&tab=main",NA
"Waldemar Helios","profesor Uczelni","Instytut Agroekologii i Produkcji Roślinnej","Wydział Przyrodniczo-Technologiczny",7,7,51.575,17.869,1924,"UPWr64ae1fdb56774e13b942fbe6d848ab83","https://bazawiedzy.upwr.edu.pl/info/author/UPWr64ae1fdb56774e13b942fbe6d848ab83?lang=pl&r=publication&tab=main",NA
"Anna Jama-Rodzeńska","profesor Uczelni","Instytut Agroekologii i Produkcji Roślinnej","Wydział Przyrodniczo-Technologiczny",11,10,118.612,39.672,3958,"UPWr1485b8def0c44b76b116350f352666de","https://bazawiedzy.upwr.edu.pl/info/author/UPWr1485b8def0c44b76b116350f352666de?lang=pl&r=publication&tab=main",NA
"Elżbieta Jamroz","profesor","Instytut Nauk o Glebie, Żywienia Roślin i Ochrony Środowiska","Wydział Przyrodniczo-Technologiczny",14,13,122.427,45.626,3789,"UPWrff1cfbc9cb68405b8c59ee2da687abc5","https://bazawiedzy.upwr.edu.pl/info/author/UPWrff1cfbc9cb68405b8c59ee2da687abc5?lang=pl&r=publication&tab=main",NA
"Anita Jandy",NA,"Instytut Nauk o Glebie, Żywienia Roślin i Ochrony Środowiska","Wydział Przyrodniczo-Technologiczny",1,1,3.8,1.175,140,"UPWr4d9b1a6e38e24c0d863dba7b7b0fca95","https://bazawiedzy.upwr.edu.pl/info/author/UPWr4d9b1a6e38e24c0d863dba7b7b0fca95?lang=pl&r=publication&tab=main",NA
"Janina Jaworska",NA,"Katedra Ogrodnictwa","Wydział Przyrodniczo-Technologiczny",1,1,3.6,1.1,100,"UPWr409b19dc3dd04aba882e87960b621a19","https://bazawiedzy.upwr.edu.pl/info/author/UPWr409b19dc3dd04aba882e87960b621a19?lang=pl&r=publication&tab=main",NA
"Paweł Jezierski","adiunkt","Instytut Nauk o Glebie, Żywienia Roślin i Ochrony Środowiska","Wydział Przyrodniczo-Technologiczny",11,12,36.766,19.021,1187,"UPWr792b34a7ea9248fe983312c2e80d8d96","https://bazawiedzy.upwr.edu.pl/info/author/UPWr792b34a7ea9248fe983312c2e80d8d96?lang=pl&r=publication&tab=main",NA
"Szymon Jędrzejewski",NA,"Instytut Nauk o Glebie, Żywienia Roślin i Ochrony Środowiska","Wydział Przyrodniczo-Technologiczny",2,2,18.4,5.535,540,"UPWr1572a28e0e3b44e3b4ae3c71c4275cf2","https://bazawiedzy.upwr.edu.pl/info/author/UPWr1572a28e0e3b44e3b4ae3c71c4275cf2?lang=pl&r=publication&tab=main",NA
"Marta Jurga-Zotow","adiunkt","Katedra Ochrony Roślin","Wydział Przyrodniczo-Technologiczny",4,3,14.318,5.826,685,"UPWr462109a45996410e9701355e018b924d","https://bazawiedzy.upwr.edu.pl/info/author/UPWr462109a45996410e9701355e018b924d?lang=pl&r=publication&tab=main",NA
"Monika Jurzak",NA,"Katedra Ogrodnictwa","Wydział Przyrodniczo-Technologiczny",NA,NA,2.5,0.956,100,"UPWRd08023f298a243ec8ddfbf004720bda0","https://bazawiedzy.upwr.edu.pl/info/author/UPWRd08023f298a243ec8ddfbf004720bda0?lang=pl&r=publication&tab=main",NA
"Cezary Kabała","profesor","Instytut Nauk o Glebie, Żywienia Roślin i Ochrony Środowiska","Wydział Przyrodniczo-Technologiczny",31,30,218.901,109.542,6835,"UPWr6dbdc7326bc44233b7889163e9913a13","https://bazawiedzy.upwr.edu.pl/info/author/UPWr6dbdc7326bc44233b7889163e9913a13?lang=pl&r=publication&tab=main",NA
"Agata Kaczmarek",NA,"Katedra Ochrony Roślin","Wydział Przyrodniczo-Technologiczny",5,4,26.147,10.629,1578,"UPWr68d0ac379a914885ad1de2dafa3b2f50","https://bazawiedzy.upwr.edu.pl/info/author/UPWr68d0ac379a914885ad1de2dafa3b2f50?lang=pl&r=publication&tab=main",NA
"Waldemar Kamaj",NA,"Katedra Ogrodnictwa","Wydział Przyrodniczo-Technologiczny",NA,NA,NA,NA,NA,"UPWr971cd134a9964c38a2155c9d2d414190","https://bazawiedzy.upwr.edu.pl/info/author/UPWr971cd134a9964c38a2155c9d2d414190?lang=pl&r=publication&tab=main",NA
"Anna Karczewska","profesor","Instytut Nauk o Glebie, Żywienia Roślin i Ochrony Środowiska","Wydział Przyrodniczo-Technologiczny",24,22,137.831,61.024,3562,"UPWr78599776ae6844018c22307835928c76","https://bazawiedzy.upwr.edu.pl/info/author/UPWr78599776ae6844018c22307835928c76?lang=pl&r=publication&tab=main",NA
"Małgorzata Karolczak",NA,"Katedra Genetyki, Hodowli Roślin i Nasiennictwa","Wydział Przyrodniczo-Technologiczny",NA,NA,NA,NA,NA,"UPWrd5f2039a470f449bb6f8e7fd36aeb6be","https://bazawiedzy.upwr.edu.pl/info/author/UPWrd5f2039a470f449bb6f8e7fd36aeb6be?lang=pl&r=publication&tab=main",NA
"Dorota Kasowska",NA,"Katedra Botaniki i Ekologii Roślin","Wydział Przyrodniczo-Technologiczny",6,6,19.534,6.966,538,"UPWrc4344eeb461a4145907c188e5b03d221","https://bazawiedzy.upwr.edu.pl/info/author/UPWrc4344eeb461a4145907c188e5b03d221?lang=pl&r=publication&tab=main",NA
"Jarosław Kaszubkiewicz","profesor","Instytut Nauk o Glebie, Żywienia Roślin i Ochrony Środowiska","Wydział Przyrodniczo-Technologiczny",8,8,25.323,12.453,1238,"UPWr24a8bfb6ef5e4453b56b69b25387f8f4","https://bazawiedzy.upwr.edu.pl/info/author/UPWr24a8bfb6ef5e4453b56b69b25387f8f4?lang=pl&r=publication&tab=main",NA
"Krzysztof Kawa",NA,"Instytut Inżynierii Rolniczej","Wydział Przyrodniczo-Technologiczny",2,1,3.304,2.012,480,"UPWr4feaa6d0c420487f962c844c648065b3","https://bazawiedzy.upwr.edu.pl/info/author/UPWr4feaa6d0c420487f962c844c648065b3?lang=pl&r=publication&tab=main",NA
"Dorota Kawałko","profesor Uczelni","Instytut Nauk o Glebie, Żywienia Roślin i Ochrony Środowiska","Wydział Przyrodniczo-Technologiczny",9,9,63.19,27.794,2224,"UPWre49a6b0e5b3b4e7693dd135b88d603ae","https://bazawiedzy.upwr.edu.pl/info/author/UPWre49a6b0e5b3b4e7693dd135b88d603ae?lang=pl&r=publication&tab=main",NA
"Anna Kmieć",NA,"Katedra Ochrony Roślin","Wydział Przyrodniczo-Technologiczny",1,1,7.1,2.093,240,"UPWr6a8fbdd03f2e4ca1beb5df91367a94b1","https://bazawiedzy.upwr.edu.pl/info/author/UPWr6a8fbdd03f2e4ca1beb5df91367a94b1?lang=pl&r=publication&tab=main",NA
"Andrzej Kocowicz","adiunkt","Instytut Nauk o Glebie, Żywienia Roślin i Ochrony Środowiska","Wydział Przyrodniczo-Technologiczny",10,10,72.289,27.915,2034,"UPWra4d3d104943c48e89c938f80be92194d","https://bazawiedzy.upwr.edu.pl/info/author/UPWra4d3d104943c48e89c938f80be92194d?lang=pl&r=publication&tab=main",NA
"Piotr Komarnicki","profesor Uczelni","Instytut Inżynierii Rolniczej","Wydział Przyrodniczo-Technologiczny",12,11,63.468,30.474,1837,"UPWrbdf1d5568c3f4aa4b0eeb3a375caa3c6","https://bazawiedzy.upwr.edu.pl/info/author/UPWrbdf1d5568c3f4aa4b0eeb3a375caa3c6?lang=pl&r=publication&tab=main",NA
"Kamil Kostyn","adiunkt","Katedra Genetyki, Hodowli Roślin i Nasiennictwa","Wydział Przyrodniczo-Technologiczny",16,16,105.179,39.942,2129,"UPWrdd797a5df73144e2a23d7b5e6e9015e9","https://bazawiedzy.upwr.edu.pl/info/author/UPWrdd797a5df73144e2a23d7b5e6e9015e9?lang=pl&r=publication&tab=main",NA
"Bogna Kosyk",NA,"Instytut Nauk o Glebie, Żywienia Roślin i Ochrony Środowiska","Wydział Przyrodniczo-Technologiczny",3,3,13.72,3.616,420,"UPWr1090aeda1bb94fd18b363acddf7a014b","https://bazawiedzy.upwr.edu.pl/info/author/UPWr1090aeda1bb94fd18b363acddf7a014b?lang=pl&r=publication&tab=main",NA
"Anna Koszelnik-Leszek","adiunkt","Katedra Botaniki i Ekologii Roślin","Wydział Przyrodniczo-Technologiczny",5,4,18.652,9.384,1028,"UPWr752e020e13c9452ea228d3705b04a762","https://bazawiedzy.upwr.edu.pl/info/author/UPWr752e020e13c9452ea228d3705b04a762?lang=pl&r=publication&tab=main",NA
"Mirosław Kościelecki",NA,"Katedra Ogrodnictwa","Wydział Przyrodniczo-Technologiczny",NA,NA,NA,NA,NA,"UPWrcd26cf0be64648ea8a38563865a99cb8","https://bazawiedzy.upwr.edu.pl/info/author/UPWrcd26cf0be64648ea8a38563865a99cb8?lang=pl&r=publication&tab=main",NA
"Joanna Kowalska","adiunkt","Instytut Nauk o Glebie, Żywienia Roślin i Ochrony Środowiska","Wydział Przyrodniczo-Technologiczny",11,11,71.442,27.285,1862,"UPWr026bf5e53b2841c18c4957a5d2852761","https://bazawiedzy.upwr.edu.pl/info/author/UPWr026bf5e53b2841c18c4957a5d2852761?lang=pl&r=publication&tab=main",NA
"Bartosz Kozak","adiunkt","Katedra Genetyki, Hodowli Roślin i Nasiennictwa","Wydział Przyrodniczo-Technologiczny",12,12,101.818,34.286,2841,"UPWr2d626d1caad44522af72cc6e6bba8ff4","https://bazawiedzy.upwr.edu.pl/info/author/UPWr2d626d1caad44522af72cc6e6bba8ff4?lang=pl&r=publication&tab=main",NA
"Marcin Kozak","profesor","Instytut Agroekologii i Produkcji Roślinnej","Wydział Przyrodniczo-Technologiczny",12,10,88.291,32.419,3955,"UPWr613908909420433ea818a45f46bb14dc","https://bazawiedzy.upwr.edu.pl/info/author/UPWr613908909420433ea818a45f46bb14dc?lang=pl&r=publication&tab=main",NA
"Magdalena Kręcisz","adiunkt","Instytut Inżynierii Rolniczej","Wydział Przyrodniczo-Technologiczny",5,8,53.3,16.596,1732,"UPWre07ae282563d4e45a679b70eee9a6f6c","https://bazawiedzy.upwr.edu.pl/info/author/UPWre07ae282563d4e45a679b70eee9a6f6c?lang=pl&r=publication&tab=main",NA
"Jan Krężel","adiunkt","Katedra Ogrodnictwa","Wydział Przyrodniczo-Technologiczny",3,2,8.44,3.409,466,"UPWr3a4f60d7b84f4143a3ca26a8ed034e31","https://bazawiedzy.upwr.edu.pl/info/author/UPWr3a4f60d7b84f4143a3ca26a8ed034e31?lang=pl&r=publication&tab=main",NA
"Mateusz Krupski","adiunkt","Instytut Nauk o Glebie, Żywienia Roślin i Ochrony Środowiska","Wydział Przyrodniczo-Technologiczny",6,5,27.845,11.862,1305,"UPWrc29c25e7df06493083f806298a9f8441","https://bazawiedzy.upwr.edu.pl/info/author/UPWrc29c25e7df06493083f806298a9f8441?lang=pl&r=publication&tab=main",NA
"Aleksander Krzyś","adiunkt","Instytut Inżynierii Rolniczej","Wydział Przyrodniczo-Technologiczny",1,1,7.077,2.159,1097,"UPWrdc45c1f5d1784661a607951b32c5031a","https://bazawiedzy.upwr.edu.pl/info/author/UPWrdc45c1f5d1784661a607951b32c5031a?lang=pl&r=publication&tab=main",NA
"Zofia Kubińska",NA,"Instytut Agroekologii i Produkcji Roślinnej","Wydział Przyrodniczo-Technologiczny",1,1,3.7,1.14,140,"UPWr1dde91ea757949ee938c47e33534da08","https://bazawiedzy.upwr.edu.pl/info/author/UPWr1dde91ea757949ee938c47e33534da08?lang=pl&r=publication&tab=main",NA
"Piotr Kuc","adiunkt","Instytut Agroekologii i Produkcji Roślinnej","Wydział Przyrodniczo-Technologiczny",4,4,14.798,5.15,689,"UPWr9bbe3b4cb417470d994beecaad2e133f","https://bazawiedzy.upwr.edu.pl/info/author/UPWr9bbe3b4cb417470d994beecaad2e133f?lang=pl&r=publication&tab=main",NA
"Grzegorz Kulczycki","profesor Uczelni","Instytut Nauk o Glebie, Żywienia Roślin i Ochrony Środowiska","Wydział Przyrodniczo-Technologiczny",9,8,73.47,21.74,1962,"UPWrd4f55f16c2c5421d9c5ce5e6d17345b7","https://bazawiedzy.upwr.edu.pl/info/author/UPWrd4f55f16c2c5421d9c5ce5e6d17345b7?lang=pl&r=publication&tab=main",NA
"Krzysztof Lech","profesor","Instytut Inżynierii Rolniczej","Wydział Przyrodniczo-Technologiczny",31,30,219.49,82.735,5113,"UPWr7cc3e4a9190645b7b2a2ff928878258c","https://bazawiedzy.upwr.edu.pl/info/author/UPWr7cc3e4a9190645b7b2a2ff928878258c?lang=pl&r=publication&tab=main",NA
"Anna Lehmann-Skoczylas","adiunkt","Instytut Agroekologii i Produkcji Roślinnej","Wydział Przyrodniczo-Technologiczny",1,1,1.225,1.064,143,"UPWr97424464a6f146b08363a4f7084c65ea","https://bazawiedzy.upwr.edu.pl/info/author/UPWr97424464a6f146b08363a4f7084c65ea?lang=pl&r=publication&tab=main",NA
"Agnieszka Lejman","adiunkt","Instytut Agroekologii i Produkcji Roślinnej","Wydział Przyrodniczo-Technologiczny",7,6,28.171,13.839,844,"UPWrb9758404ca594e0fa7f5e75dbe043932","https://bazawiedzy.upwr.edu.pl/info/author/UPWrb9758404ca594e0fa7f5e75dbe043932?lang=pl&r=publication&tab=main",NA
"Krzysztof Lejman","profesor Uczelni","Instytut Inżynierii Rolniczej","Wydział Przyrodniczo-Technologiczny",4,3,18.833,6.268,1170,"UPWr4ee124ce52124b39b5fb3d27bbf09923","https://bazawiedzy.upwr.edu.pl/info/author/UPWr4ee124ce52124b39b5fb3d27bbf09923?lang=pl&r=publication&tab=main",NA
"Sylwia Lewandowska","profesor Uczelni","Katedra Genetyki, Hodowli Roślin i Nasiennictwa","Wydział Przyrodniczo-Technologiczny",9,9,60.814,23.825,2280,"UPWr51adaaa2352649068c09331a4c4ef8a0","https://bazawiedzy.upwr.edu.pl/info/author/UPWr51adaaa2352649068c09331a4c4ef8a0?lang=pl&r=publication&tab=main",NA
"Maria Licznar-Małańczuk","profesor Uczelni","Katedra Ogrodnictwa","Wydział Przyrodniczo-Technologiczny",9,8,32.4,17.029,1387,"UPWr7a257655cee941eca51e35da30222716","https://bazawiedzy.upwr.edu.pl/info/author/UPWr7a257655cee941eca51e35da30222716?lang=pl&r=publication&tab=main",NA
"Marek Liszewski","profesor Uczelni","Instytut Agroekologii i Produkcji Roślinnej","Wydział Przyrodniczo-Technologiczny",5,5,29.475,10.99,1254,"UPWr55ce5526c70348eba59b1d528180c886","https://bazawiedzy.upwr.edu.pl/info/author/UPWr55ce5526c70348eba59b1d528180c886?lang=pl&r=publication&tab=main",NA
"Beata Łabaz","profesor Uczelni","Instytut Nauk o Glebie, Żywienia Roślin i Ochrony Środowiska","Wydział Przyrodniczo-Technologiczny",19,19,97.555,47.152,3297,"UPWr1e8b1e9b5e3d484e96893baea3547b54","https://bazawiedzy.upwr.edu.pl/info/author/UPWr1e8b1e9b5e3d484e96893baea3547b54?lang=pl&r=publication&tab=main",NA
"Agnieszka Łącka",NA,"Katedra Genetyki, Hodowli Roślin i Nasiennictwa","Wydział Przyrodniczo-Technologiczny",1,2,0.914,0.783,182,"UPWr1b75bbcfb67d40a68cce309cbb812e77","https://bazawiedzy.upwr.edu.pl/info/author/UPWr1b75bbcfb67d40a68cce309cbb812e77?lang=pl&r=publication&tab=main",NA
"Joanna Magiera-Dulewicz",NA,"Katedra Ochrony Roślin","Wydział Przyrodniczo-Technologiczny",3,3,23.321,6.709,607,"UPWre2a2ea28fc8f45ffadf87d7dd6aede96","https://bazawiedzy.upwr.edu.pl/info/author/UPWre2a2ea28fc8f45ffadf87d7dd6aede96?lang=pl&r=publication&tab=main",NA
"Elżbieta Magnucka","adiunkt","Katedra Ochrony Roślin","Wydział Przyrodniczo-Technologiczny",8,8,39.232,17.205,1049,"UPWread642657b874d7da872aa1a7d326a53","https://bazawiedzy.upwr.edu.pl/info/author/UPWread642657b874d7da872aa1a7d326a53?lang=pl&r=publication&tab=main",NA
"Agnieszka Maliszewska",NA,"Katedra Ogrodnictwa","Wydział Przyrodniczo-Technologiczny",NA,NA,NA,NA,NA,"UPWrd676bc3073294a198becbb18080f2d85","https://bazawiedzy.upwr.edu.pl/info/author/UPWrd676bc3073294a198becbb18080f2d85?lang=pl&r=publication&tab=main",NA
"Klaudia Masztalerz","adiunkt","Instytut Inżynierii Rolniczej","Wydział Przyrodniczo-Technologiczny",11,10,123.666,33.176,3056,"UPWre7e0860cb8ba41f9bbdb18d6b2e9870f","https://bazawiedzy.upwr.edu.pl/info/author/UPWre7e0860cb8ba41f9bbdb18d6b2e9870f?lang=pl&r=publication&tab=main",NA
"Krzysztof Matkowski","profesor Uczelni","Katedra Ochrony Roślin","Wydział Przyrodniczo-Technologiczny",7,5,18.466,9.113,696,"UPWr3233e1f9830e4cee9e175eb5f4d11fda","https://bazawiedzy.upwr.edu.pl/info/author/UPWr3233e1f9830e4cee9e175eb5f4d11fda?lang=pl&r=publication&tab=main",NA
"Agnieszka Medyńska-Juraszek","profesor Uczelni","Instytut Nauk o Glebie, Żywienia Roślin i Ochrony Środowiska","Wydział Przyrodniczo-Technologiczny",21,19,105.957,39.181,3447,"UPWrb9f6b3165ca644198a581291d02c6b36","https://bazawiedzy.upwr.edu.pl/info/author/UPWrb9f6b3165ca644198a581291d02c6b36?lang=pl&r=publication&tab=main",NA
"Renata Mróz",NA,"Katedra Ogrodnictwa","Wydział Przyrodniczo-Technologiczny",NA,NA,NA,NA,NA,"UPWr62f78c354b8c4eb1aeba09107954767d","https://bazawiedzy.upwr.edu.pl/info/author/UPWr62f78c354b8c4eb1aeba09107954767d?lang=pl&r=publication&tab=main",NA
"Mariusz Nejman",NA,"Instytut Inżynierii Rolniczej","Wydział Przyrodniczo-Technologiczny",2,2,17.022,6.05,434,"UPWr9b28dada21464c81864b484a2341de5e","https://bazawiedzy.upwr.edu.pl/info/author/UPWr9b28dada21464c81864b484a2341de5e?lang=pl&r=publication&tab=main",NA
"Bożena Nizio",NA,"Katedra Ochrony Roślin","Wydział Przyrodniczo-Technologiczny",NA,NA,3,5,5,"UPWre60023b7e5f84f8399efc968fdae1e8b","https://bazawiedzy.upwr.edu.pl/info/author/UPWre60023b7e5f84f8399efc968fdae1e8b?lang=pl&r=publication&tab=main",NA
"Joanna Nowak",NA,"Instytut Agroekologii i Produkcji Roślinnej","Wydział Przyrodniczo-Technologiczny",NA,NA,3.9,1.213,140,"UPWr4f0f668bbc254f36a39f6d1ec060535c","https://bazawiedzy.upwr.edu.pl/info/author/UPWr4f0f668bbc254f36a39f6d1ec060535c?lang=pl&r=publication&tab=main",NA
"Kamila Nowosad","profesor","Katedra Genetyki, Hodowli Roślin i Nasiennictwa","Wydział Przyrodniczo-Technologiczny",17,16,115.72,56.137,4346,"UPWr60ed5ccd95364870838b47fdd2605c01","https://bazawiedzy.upwr.edu.pl/info/author/UPWr60ed5ccd95364870838b47fdd2605c01?lang=pl&r=publication&tab=main",NA
"Małgorzata Oksińska","adiunkt","Katedra Ochrony Roślin","Wydział Przyrodniczo-Technologiczny",6,5,23.219,9.837,654,"UPWr378698ef2ffa4dc4be08088ba9ebfb1e","https://bazawiedzy.upwr.edu.pl/info/author/UPWr378698ef2ffa4dc4be08088ba9ebfb1e?lang=pl&r=publication&tab=main",NA
"Marta Pasławska","adiunkt","Instytut Inżynierii Rolniczej","Wydział Przyrodniczo-Technologiczny",8,8,29.252,10.445,1322,"UPWr9f90891bbd9c457eb02dab2773bb3b64","https://bazawiedzy.upwr.edu.pl/info/author/UPWr9f90891bbd9c457eb02dab2773bb3b64?lang=pl&r=publication&tab=main",NA
"Katarzyna Patejuk","adiunkt","Katedra Ochrony Roślin","Wydział Przyrodniczo-Technologiczny",6,5,53.735,22.682,2433,"UPWr196e6a4028bb4a279338251c48cb57f2","https://bazawiedzy.upwr.edu.pl/info/author/UPWr196e6a4028bb4a279338251c48cb57f2?lang=pl&r=publication&tab=main",NA
"Andżelika Paterak",NA,"Instytut Nauk o Glebie, Żywienia Roślin i Ochrony Środowiska","Wydział Przyrodniczo-Technologiczny",NA,NA,NA,NA,NA,"UPWr2df4b3850ed4478fbfa7889120e30af6","https://bazawiedzy.upwr.edu.pl/info/author/UPWr2df4b3850ed4478fbfa7889120e30af6?lang=pl&r=publication&tab=main",NA
"Krzysztof Pawłowski",NA,"Katedra Ogrodnictwa","Wydział Przyrodniczo-Technologiczny",NA,NA,35,35,35,"UPWr9d735999b415442e9d60fc2c920a4315","https://bazawiedzy.upwr.edu.pl/info/author/UPWr9d735999b415442e9d60fc2c920a4315?lang=pl&r=publication&tab=main",NA
"Katarzyna Pentoś","profesor Uczelni","Instytut Inżynierii Rolniczej","Wydział Przyrodniczo-Technologiczny",11,11,76.058,32.442,3058,"UPWr0735d615d6124b7b9c2b20c37de50c90","https://bazawiedzy.upwr.edu.pl/info/author/UPWr0735d615d6124b7b9c2b20c37de50c90?lang=pl&r=publication&tab=main",NA
"Krzysztof Pieczarka","profesor Uczelni","Instytut Inżynierii Rolniczej","Wydział Przyrodniczo-Technologiczny",4,4,16.365,6.323,847,"UPWr56dcbf3efe8841c0bcf6d9247b779427","https://bazawiedzy.upwr.edu.pl/info/author/UPWr56dcbf3efe8841c0bcf6d9247b779427?lang=pl&r=publication&tab=main",NA
"Mirosława Pietryka","adiunkt","Katedra Botaniki i Ekologii Roślin","Wydział Przyrodniczo-Technologiczny",9,8,46.233,18.3,1480,"UPWrd9216260cad6415695af88f70db7f23e","https://bazawiedzy.upwr.edu.pl/info/author/UPWrd9216260cad6415695af88f70db7f23e?lang=pl&r=publication&tab=main",NA
"Elżbieta Pląskowska","profesor","Katedra Ochrony Roślin","Wydział Przyrodniczo-Technologiczny",11,9,38.483,19.188,2344,"UPWr492bd29bf8484103aab10426ab6377f1","https://bazawiedzy.upwr.edu.pl/info/author/UPWr492bd29bf8484103aab10426ab6377f1?lang=pl&r=publication&tab=main",NA
"Aldona Płaczek","adiunkt","Instytut Nauk o Glebie, Żywienia Roślin i Ochrony Środowiska","Wydział Przyrodniczo-Technologiczny",3,3,6.292,2.983,311,"UPWr560effd97a3a441693a1cc28dc8cdd0d","https://bazawiedzy.upwr.edu.pl/info/author/UPWr560effd97a3a441693a1cc28dc8cdd0d?lang=pl&r=publication&tab=main",NA
"Magda Podlaska",NA,"Katedra Botaniki i Ekologii Roślin","Wydział Przyrodniczo-Technologiczny",4,3,16.39,11.737,1038,"UPWrc3c6db3ebab0431b81435cdf995e170d","https://bazawiedzy.upwr.edu.pl/info/author/UPWrc3c6db3ebab0431b81435cdf995e170d?lang=pl&r=publication&tab=main",NA
"Marta Preisner","adiunkt","Katedra Genetyki, Hodowli Roślin i Nasiennictwa","Wydział Przyrodniczo-Technologiczny",11,10,67.108,24.479,1305,"UPWrdf7c15f2b0d941359ada6f86c7762123","https://bazawiedzy.upwr.edu.pl/info/author/UPWrdf7c15f2b0d941359ada6f86c7762123?lang=pl&r=publication&tab=main",NA
"Daniel Pruchniewicz","profesor","Katedra Botaniki i Ekologii Roślin","Wydział Przyrodniczo-Technologiczny",9,8,50.639,25.744,1724,"UPWrfb83896c916f4b4089f7d8c598db22fc","https://bazawiedzy.upwr.edu.pl/info/author/UPWrfb83896c916f4b4089f7d8c598db22fc?lang=pl&r=publication&tab=main",NA
"Wojciech Pusz","profesor","Katedra Ochrony Roślin","Wydział Przyrodniczo-Technologiczny",14,13,93.734,49.863,3660,"UPWr5dcc8e1f3ed4403b9feb431b4237f5aa","https://bazawiedzy.upwr.edu.pl/info/author/UPWr5dcc8e1f3ed4403b9feb431b4237f5aa?lang=pl&r=publication&tab=main",NA
"Elżbieta Pytlarz","adiunkt","Instytut Agroekologii i Produkcji Roślinnej","Wydział Przyrodniczo-Technologiczny",3,3,26.317,8.672,998,"UPWr9244b9e632ca43028ee1a99abbfc3ab8","https://bazawiedzy.upwr.edu.pl/info/author/UPWr9244b9e632ca43028ee1a99abbfc3ab8?lang=pl&r=publication&tab=main",NA
"Małgorzata Raduła","adiunkt","Instytut Agroekologii i Produkcji Roślinnej","Wydział Przyrodniczo-Technologiczny",6,7,50.772,14.312,1490,"UPWRad5285e0e49c410db060a98593c0895b","https://bazawiedzy.upwr.edu.pl/info/author/UPWRad5285e0e49c410db060a98593c0895b?lang=pl&r=publication&tab=main",NA
"Teresa Rafalska",NA,"Instytut Nauk o Glebie, Żywienia Roślin i Ochrony Środowiska","Wydział Przyrodniczo-Technologiczny",NA,NA,1,4,4,"UPWrc4c6a09adc9c47459a5a8f4db536b597","https://bazawiedzy.upwr.edu.pl/info/author/UPWrc4c6a09adc9c47459a5a8f4db536b597?lang=pl&r=publication&tab=main",NA
"Dominika Reszewicz",NA,"Katedra Botaniki i Ekologii Roślin","Wydział Przyrodniczo-Technologiczny",NA,NA,40,40,40,"UPWra2a7db5a050842acbfc374e4a01de3ed","https://bazawiedzy.upwr.edu.pl/info/author/UPWra2a7db5a050842acbfc374e4a01de3ed?lang=pl&r=publication&tab=main",NA
"Dorota Richter","profesor Uczelni","Katedra Botaniki i Ekologii Roślin","Wydział Przyrodniczo-Technologiczny",12,11,63.024,26.518,1833,"UPWr71945f43e00b4462bd1d82ca6615c0a1","https://bazawiedzy.upwr.edu.pl/info/author/UPWr71945f43e00b4462bd1d82ca6615c0a1?lang=pl&r=publication&tab=main",NA
"Magdalena Rowińska","asystent","Katedra Ogrodnictwa","Wydział Przyrodniczo-Technologiczny",2,2,6.4,2.672,240,"UPWr2b393712b4e54823b7f46d8f3225e8c2","https://bazawiedzy.upwr.edu.pl/info/author/UPWr2b393712b4e54823b7f46d8f3225e8c2?lang=pl&r=publication&tab=main",NA
"Sandra Rychel-Bielska","adiunkt","Katedra Genetyki, Hodowli Roślin i Nasiennictwa","Wydział Przyrodniczo-Technologiczny",7,7,65.638,18.348,1870,"UPWr5f9fe48732fd46c3a28944b36fd125cd","https://bazawiedzy.upwr.edu.pl/info/author/UPWr5f9fe48732fd46c3a28944b36fd125cd?lang=pl&r=publication&tab=main",NA
"Renata Ryl",NA,"Instytut Nauk o Glebie, Żywienia Roślin i Ochrony Środowiska","Wydział Przyrodniczo-Technologiczny",NA,NA,1,3,3,"UPWr3a6824923c9e41de8c88ac9ac3a330f5","https://bazawiedzy.upwr.edu.pl/info/author/UPWr3a6824923c9e41de8c88ac9ac3a330f5?lang=pl&r=publication&tab=main",NA
"Elżbieta Sacała","adiunkt","Instytut Nauk o Glebie, Żywienia Roślin i Ochrony Środowiska","Wydział Przyrodniczo-Technologiczny",9,10,35.505,18.686,1333,"UPWr3a81ed99741142149197c242f5e7b43f","https://bazawiedzy.upwr.edu.pl/info/author/UPWr3a81ed99741142149197c242f5e7b43f?lang=pl&r=publication&tab=main",NA
"Magdalena Serafin-Andrzejewska","adiunkt","Instytut Agroekologii i Produkcji Roślinnej","Wydział Przyrodniczo-Technologiczny",5,5,37.022,12.393,1648,"UPWr85809ccbfa634f8bb7e0f4b12db67715","https://bazawiedzy.upwr.edu.pl/info/author/UPWr85809ccbfa634f8bb7e0f4b12db67715?lang=pl&r=publication&tab=main",NA
"Małgorzata Serowik",NA,"Instytut Inżynierii Rolniczej","Wydział Przyrodniczo-Technologiczny",6,7,17.703,9.198,485,"UPWr8e1af2310d734fbeae92b0153705d503","https://bazawiedzy.upwr.edu.pl/info/author/UPWr8e1af2310d734fbeae92b0153705d503?lang=pl&r=publication&tab=main",NA
"Mariusz Skrzyński",NA,"Katedra Genetyki, Hodowli Roślin i Nasiennictwa","Wydział Przyrodniczo-Technologiczny",2,2,13.2,3.242,340,"UPWr3f53ddd12a5c47b98f2b56030dbd27c0","https://bazawiedzy.upwr.edu.pl/info/author/UPWr3f53ddd12a5c47b98f2b56030dbd27c0?lang=pl&r=publication&tab=main",NA
"Monika Słupska","adiunkt","Instytut Inżynierii Rolniczej","Wydział Przyrodniczo-Technologiczny",4,4,24.004,9.229,800,"UPWrd47226775e8c458fbc6bf0cfa67509fb","https://bazawiedzy.upwr.edu.pl/info/author/UPWrd47226775e8c458fbc6bf0cfa67509fb?lang=pl&r=publication&tab=main",NA
"Ireneusz Sosna","profesor Uczelni","Katedra Ogrodnictwa","Wydział Przyrodniczo-Technologiczny",5,4,11.718,9.19,899,"UPWr3042028700724e53a700545eb1e0c353","https://bazawiedzy.upwr.edu.pl/info/author/UPWr3042028700724e53a700545eb1e0c353?lang=pl&r=publication&tab=main",NA
"Józef Sowiński","profesor","Instytut Agroekologii i Produkcji Roślinnej","Wydział Przyrodniczo-Technologiczny",13,12,130.398,51.348,4208,"UPWr3a4e49175cd64de38e081b73d10ae283","https://bazawiedzy.upwr.edu.pl/info/author/UPWr3a4e49175cd64de38e081b73d10ae283?lang=pl&r=publication&tab=main",NA
"Marek Stachowiak","adiunkt","Katedra Ekonomii Stosowanej","Wydział Przyrodniczo-Technologiczny",1,1,0.28,68,68,"UPWr146291aaf29c4525a5416b041009e202","https://bazawiedzy.upwr.edu.pl/info/author/UPWr146291aaf29c4525a5416b041009e202?lang=pl&r=publication&tab=main",NA
"Sylwia Stegenta-Dąbrowska","adiunkt","Katedra Biogospodarki Stosowanej","Wydział Przyrodniczo-Technologiczny",11,10,99.303,34.117,3231,"UPWreed26deeca194a5bba895f6423e5567a","https://bazawiedzy.upwr.edu.pl/info/author/UPWreed26deeca194a5bba895f6423e5567a?lang=pl&r=publication&tab=main",NA
"Bogdan Stępień","profesor","Instytut Inżynierii Rolniczej","Wydział Przyrodniczo-Technologiczny",11,11,63.667,21.255,2121,"UPWr352edf13feef4719ab7de8386107cc9b","https://bazawiedzy.upwr.edu.pl/info/author/UPWr352edf13feef4719ab7de8386107cc9b?lang=pl&r=publication&tab=main",NA
"Kamila Stępień","adiunkt","Instytut Nauk o Glebie, Żywienia Roślin i Ochrony Środowiska","Wydział Przyrodniczo-Technologiczny",2,2,8.457,2.77,307,"UPWrfea8ef2a7a334940ac7ac8445d79f2eb","https://bazawiedzy.upwr.edu.pl/info/author/UPWrfea8ef2a7a334940ac7ac8445d79f2eb?lang=pl&r=publication&tab=main",NA
"Piotr Stępień","adiunkt","Instytut Nauk o Glebie, Żywienia Roślin i Ochrony Środowiska","Wydział Przyrodniczo-Technologiczny",10,10,80.761,24.286,1491,"UPWr9a9cf897a13d4c099ced1da7e4936ead","https://bazawiedzy.upwr.edu.pl/info/author/UPWr9a9cf897a13d4c099ced1da7e4936ead?lang=pl&r=publication&tab=main",NA
"Roman Stopa","profesor","Instytut Inżynierii Rolniczej","Wydział Przyrodniczo-Technologiczny",11,10,46.12,22.09,1416,"UPWrcedee0dd50584d9192cfec0facdd9126","https://bazawiedzy.upwr.edu.pl/info/author/UPWrcedee0dd50584d9192cfec0facdd9126?lang=pl&r=publication&tab=main",NA
"Oleksandra Strashok","adiunkt","Katedra Architektury Krajobrazu","Wydział Gospodarki Przestrzennej i Architektury Krajobrazu",4,4,11.734,4.209,597,"UPWr6c23e02bdf27458a9d2b27693bbd84f9","https://bazawiedzy.upwr.edu.pl/info/author/UPWr6c23e02bdf27458a9d2b27693bbd84f9?lang=pl&r=publication&tab=main",NA
"Jarosław Szadorski",NA,"Instytut Nauk o Glebie, Żywienia Roślin i Ochrony Środowiska","Wydział Przyrodniczo-Technologiczny",1,1,2.651,1.505,41,"UPWr90061b8cba9d43f29cc660f32c8daace","https://bazawiedzy.upwr.edu.pl/info/author/UPWr90061b8cba9d43f29cc660f32c8daace?lang=pl&r=publication&tab=main",NA
"Katarzyna Szczepańska","adiunkt","Katedra Botaniki i Ekologii Roślin","Wydział Przyrodniczo-Technologiczny",7,8,49.275,19.965,1662,"UPWr539f258c741148729f9e8c24f3fcd05a","https://bazawiedzy.upwr.edu.pl/info/author/UPWr539f258c741148729f9e8c24f3fcd05a?lang=pl&r=publication&tab=main",NA
"Adam Szewczuk","profesor","Katedra Ogrodnictwa","Wydział Przyrodniczo-Technologiczny",5,5,6.911,5.775,641,"UPWr866ca5a9b4f8466eaf1f3bb888ffe767","https://bazawiedzy.upwr.edu.pl/info/author/UPWr866ca5a9b4f8466eaf1f3bb888ffe767?lang=pl&r=publication&tab=main",NA
"Katarzyna Szopka","profesor Uczelni","Instytut Nauk o Glebie, Żywienia Roślin i Ochrony Środowiska","Wydział Przyrodniczo-Technologiczny",13,13,71.47,29.251,1992,"UPWr8c35d9435ada46cbb778a19af3065254","https://bazawiedzy.upwr.edu.pl/info/author/UPWr8c35d9435ada46cbb778a19af3065254?lang=pl&r=publication&tab=main",NA
"Tomasz Szuk","adiunkt","Katedra Ekonomii Stosowanej","Wydział Przyrodniczo-Technologiczny",1,NA,1.8,1.348,692,"UPWr02500ab9caab4ed8baf0c56f55d4bce7","https://bazawiedzy.upwr.edu.pl/info/author/UPWr02500ab9caab4ed8baf0c56f55d4bce7?lang=pl&r=publication&tab=main",NA
"Magdalena Szymura","profesor","Instytut Agroekologii i Produkcji Roślinnej","Wydział Przyrodniczo-Technologiczny",16,17,125.559,46.551,3549,"UPWr10dff724d2e34149a917b1d058fd5f93","https://bazawiedzy.upwr.edu.pl/info/author/UPWr10dff724d2e34149a917b1d058fd5f93?lang=pl&r=publication&tab=main",NA
"Sebastian Świerszcz","adiunkt","Instytut Agroekologii i Produkcji Roślinnej","Wydział Przyrodniczo-Technologiczny",12,13,192.466,59.547,5471,"UPWR608bfbd91206471d99bab81b851d18a8","https://bazawiedzy.upwr.edu.pl/info/author/UPWR608bfbd91206471d99bab81b851d18a8?lang=pl&r=publication&tab=main",NA
"Ewa Tendziagolska","adiunkt","Instytut Agroekologii i Produkcji Roślinnej","Wydział Przyrodniczo-Technologiczny",4,4,13.025,6.187,581,"UPWr9efb2c444f63474ca656d0fe43a90d00","https://bazawiedzy.upwr.edu.pl/info/author/UPWr9efb2c444f63474ca656d0fe43a90d00?lang=pl&r=publication&tab=main",NA
"Kamila Twardowska",NA,"Katedra Ochrony Roślin","Wydział Przyrodniczo-Technologiczny",4,4,38.27,12.981,1335,"UPWr97fc28a86b3646ee94b361451a198ba5","https://bazawiedzy.upwr.edu.pl/info/author/UPWr97fc28a86b3646ee94b361451a198ba5?lang=pl&r=publication&tab=main",NA
"Jacek Twardowski","profesor","Katedra Ochrony Roślin","Wydział Przyrodniczo-Technologiczny",9,8,85.261,37.215,3247,"UPWr60cd5845bd2b495cbdc571c54121deee","https://bazawiedzy.upwr.edu.pl/info/author/UPWr60cd5845bd2b495cbdc571c54121deee?lang=pl&r=publication&tab=main",NA
"Rafał Tyszka","profesor Uczelni","Instytut Nauk o Glebie, Żywienia Roślin i Ochrony Środowiska","Wydział Przyrodniczo-Technologiczny",11,11,38.375,19.449,731,"UPWr01f0fdee49cf4a78a9a89ede451e6eb6","https://bazawiedzy.upwr.edu.pl/info/author/UPWr01f0fdee49cf4a78a9a89ede451e6eb6?lang=pl&r=publication&tab=main",NA
"Cecylia Uklańska-Pusz","adiunkt","Katedra Ogrodnictwa","Wydział Przyrodniczo-Technologiczny",6,6,6.783,5.015,388,"UPWr9c97d218dcaa47a387c3f80fabb52c69","https://bazawiedzy.upwr.edu.pl/info/author/UPWr9c97d218dcaa47a387c3f80fabb52c69?lang=pl&r=publication&tab=main",NA
"Jacek Urbaniak","profesor","Katedra Botaniki i Ekologii Roślin","Wydział Przyrodniczo-Technologiczny",12,10,75.897,36.961,2431,"UPWrdf19d44680494bf892a9dd146b1b0129","https://bazawiedzy.upwr.edu.pl/info/author/UPWrdf19d44680494bf892a9dd146b1b0129?lang=pl&r=publication&tab=main",NA
"Roman Wacławowicz","profesor Uczelni","Instytut Agroekologii i Produkcji Roślinnej","Wydział Przyrodniczo-Technologiczny",4,4,23.746,8.658,1084,"UPWr5c9356a216614b6fb0a3f889b224411e","https://bazawiedzy.upwr.edu.pl/info/author/UPWr5c9356a216614b6fb0a3f889b224411e?lang=pl&r=publication&tab=main",NA
"Jarosław Waroszewski","profesor Uczelni","Instytut Nauk o Glebie, Żywienia Roślin i Ochrony Środowiska","Wydział Przyrodniczo-Technologiczny",21,22,159.627,64.336,4613,"UPWr47bbce2332a6442d947baf06ac477706","https://bazawiedzy.upwr.edu.pl/info/author/UPWr47bbce2332a6442d947baf06ac477706?lang=pl&r=publication&tab=main",NA
"Jerzy Winiarski",NA,"Instytut Inżynierii Rolniczej","Wydział Przyrodniczo-Technologiczny",NA,NA,NA,NA,NA,"UPWr73a6f9a3cc1748dcaf6df57b5a9c0811","https://bazawiedzy.upwr.edu.pl/info/author/UPWr73a6f9a3cc1748dcaf6df57b5a9c0811?lang=pl&r=publication&tab=main",NA
"Wiesław Wojciechowski","profesor Uczelni","Instytut Agroekologii i Produkcji Roślinnej","Wydział Przyrodniczo-Technologiczny",4,4,17.457,6.617,923,"UPWr48894e0a833643a7be480b30c0b65624","https://bazawiedzy.upwr.edu.pl/info/author/UPWr48894e0a833643a7be480b30c0b65624?lang=pl&r=publication&tab=main",NA
"Karol Wolski","profesor","Instytut Agroekologii i Produkcji Roślinnej","Wydział Przyrodniczo-Technologiczny",9,8,67.316,28.039,2523,"UPWrd5e2df115eeb462283c3a7833dff6acc","https://bazawiedzy.upwr.edu.pl/info/author/UPWrd5e2df115eeb462283c3a7833dff6acc?lang=pl&r=publication&tab=main",NA
"Anna Wondołowska-Grabowska","profesor Uczelni","Instytut Agroekologii i Produkcji Roślinnej","Wydział Przyrodniczo-Technologiczny",6,6,30.073,13.227,1491,"UPWr74d6d0e34547461a827a623b895cdca2","https://bazawiedzy.upwr.edu.pl/info/author/UPWr74d6d0e34547461a827a623b895cdca2?lang=pl&r=publication&tab=main",NA
"Katarzyna Wróblewska","profesor Uczelni","Katedra Ogrodnictwa","Wydział Przyrodniczo-Technologiczny",7,7,29.08,13.353,950,"UPWr2a7ecf7bf5554633830720d48e3eb4ff","https://bazawiedzy.upwr.edu.pl/info/author/UPWr2a7ecf7bf5554633830720d48e3eb4ff?lang=pl&r=publication&tab=main",NA
"Dariusz Zalewski","adiunkt","Katedra Genetyki, Hodowli Roślin i Nasiennictwa","Wydział Przyrodniczo-Technologiczny",8,7,27.999,12.387,1113,"UPWre334adc28f894efe90b9b99e7bbd5d29","https://bazawiedzy.upwr.edu.pl/info/author/UPWre334adc28f894efe90b9b99e7bbd5d29?lang=pl&r=publication&tab=main",NA
"Ludwik Żołnierz","profesor","Katedra Botaniki i Ekologii Roślin","Wydział Przyrodniczo-Technologiczny",10,8,35.995,20.134,1347,"UPWr24b537bd4f74482196a1d148e3ef5176","https://bazawiedzy.upwr.edu.pl/info/author/UPWr24b537bd4f74482196a1d148e3ef5176?lang=pl&r=publication&tab=main",NA
